Bug Report ID,Activities,Fragments,Interacted Component IDs,All Component IDs
2,"['ChartActivity', 'DashboardActivity']",[],"['use_percent_values', 'button1']","['action_bar_root', 'content', 'parentPanel', 'topPanel', 'title_template', 'alertTitle', 'customPanel', 'custom', 'group_by_days', 'group_by_weeks', 'view_values', 'use_percent_values', 'buttonPanel', 'button2', 'button1', 'contentPanel', 'scrollView', 'message']"
8,"['TrickyTripperActivity', 'Launcher']",[],['title'],"['decor_content_parent', 'action_bar_container', 'action_context_bar', 'action_mode_close_button', 'action_bar_title', 'content', 'drawer_layout', 'drawer_content_pager', 'drawer_content_pager_title_strip', 'reportViewTopLayout', 'reportViewSpinnerLabel', 'reportViewBaseSpinner', 'text1', 'reportViewSpacerTop', 'reportViewTableLayout', 'reportViewOutputTotalSpent', 'reportViewOutputPaymentCount', 'reportViewTableLayoutDebts', 'reportViewTableLayoutDebtsHeading', 'reportViewTableLayoutDebtsHeadingNoDebts', 'statusBarBackground', 'navigationBarBackground', 'title', 'parentPanel', 'contentPanel', 'scrollView', 'message', 'buttonPanel', 'button1']"
10,"['FileListActivity', 'FtpServerActivity']","['FileListFragment', 'FtpServerFragment']",['title'],"['action_bar_root', 'content', 'drawer', 'bar_layout', 'app_bar', 'toolbar', 'action_search', 'action_sort', 'breadcrumb', 'text', 'swipe_refresh', 'recycler', 'item', 'icon_layout', 'icon', 'name', 'menu', 'speed_dial', 'sd_main_fab', 'navigationBarBackground', 'navigation_fragment', 'title', 'subtitle', 'preference_fragment', 'recycler_view', 'summary', 'widget_frame', 'switchWidget', 'statusBarBackground']"
11,"['SplashActivity', 'GrantPermissionsActivity', 'Launcher']",[],"['button1', 'permission_allow_button']","['action_bar_root', 'content', 'parentPanel', 'topPanel', 'title_template', 'alertTitle', 'titleDividerNoCustom', 'contentPanel', 'scrollView', 'message', 'buttonPanel', 'button2', 'button1', 'dialog_container', 'desc_container', 'perm_desc_root', 'permission_icon', 'permission_message', 'button_group', 'permission_deny_button', 'permission_allow_button']"
18,"['MedicinesActivity', 'MedicineInfoActivity']",['MedicineCreateOrEditFragment'],"['stock_switch', 'btn_stock_add']","['action_bar_root', 'content', 'toolbar', 'textView', 'textView2', 'pager', 'scrollView', 'ic_med_name', 'medicine_edit_name', 'ic_med_presentation', 'textView3', 'med_presentation', 'med_presentation_scroll', 'presentation_scroll_content', 'presentation_chooser_item_drawable', 'stock_layout', 'stock_info_line', 'stock_buttons', 'ic_med_stock', 'medicine_stock_title', 'stock_switch', 'stock_estimated_duration', 'tabs_shadow', 'add_button', 'statusBarBackground', 'navigationBarBackground', 'stock_units', 'btn_stock_remove', 'btn_stock_add', 'parentPanel', 'topPanel', 'title_template', 'alertTitle', 'customPanel', 'custom', 'aerr_restart']"
19,['MainActivity'],['AddHousenumberForm'],"['inputHouseNumber', 'toggleKeyboard']","['action_bar_root', 'content', 'map_bottom_sheet_container', 'bottomSheet', 'title', 'inputHouseNumber', 'toggleKeyboard', 'buttonPanel', 'buttonOtherAnswers', 'buttonOk', 'topPanel', 'toolbar', 'uploadedAnswersCounter', 'unsyncedAnswersCounter', 'action_undo', 'map_fragment', 'map', 'controls_fragment', 'compass', 'compassNeedle', 'compassNorth', 'create_note', 'zoom_in', 'zoom_out', 'gps_tracking', 'openstreetmapLink', 'statusBarBackground', 'navigationBarBackground']"
44,['MainActivity'],['DetailFragment'],"['control', 'buttonDefaultPositive']","['content', 'titleFrame', 'title', 'contentListViewFrame', 'control', 'buttonDefaultPositive', 'action_bar_root', 'drawer_layout', 'crouton_handle', 'toolbar', 'menu_attachment', 'menu_category', 'menu_tag', 'menu_share', 'fragment_container', 'detail_root', 'detail_wrapper', 'detail_tile_card', 'title_wrapper', 'tag_marker', 'detail_title', 'detail_content_card', 'content_wrapper', 'detail_content', 'reminder_layout', 'reminder_icon', 'datetime', 'detail_timestamps', 'creation', 'last_modification', 'snackbar_placeholder', 'statusBarBackground', 'navigationBarBackground']"
45,"['MainActivity', 'GrantPermissionsActivity']",['DetailFragment'],"['location', 'permission_allow_button']","['content', 'root', 'customViewFrame', 'attachment_dialog_root', 'camera', 'video', 'files', 'recording', 'sketch', 'location', 'timestamp', 'pushbullet', 'dialog_container', 'desc_container', 'perm_desc_root', 'permission_icon', 'permission_message', 'button_group', 'permission_deny_button', 'permission_allow_button', 'action_bar_root', 'drawer_layout', 'crouton_handle', 'toolbar', 'menu_attachment', 'menu_category', 'menu_tag', 'menu_share', 'fragment_container', 'detail_root', 'detail_wrapper', 'detail_tile_card', 'title_wrapper', 'tag_marker', 'detail_title', 'detail_content_card', 'content_wrapper', 'detail_content', 'reminder_layout', 'reminder_icon', 'datetime', 'detail_timestamps', 'snackbar_placeholder']"
53,"['DocumentActivity', 'MainActivity']","['DocumentEditFragment', 'MoreFragment', 'NewFileDialog']",['fab_add_new_item'],"['action_bar_root', 'content', 'toolbar', 'note__activity__text_note_title', 'action_undo', 'action_redo', 'action_preview', 'action_search', 'document__placeholder_fragment', 'document__fragment__edit__content_editor__scrolling_parent', 'document__fragment__edit__highlighting_editor', 'document__fragment__edit__text_actions_bar__scrolling_parent', 'document__fragment__edit__text_actions_bar', 'statusBarBackground', 'navigationBarBackground', 'main_content', 'main_bottom_stuff', 'fab_add_new_item', 'bottom_navigation_bar', 'nav_notebook', 'icon', 'largeLabel', 'nav_todo', 'smallLabel', 'nav_quicknote', 'nav_more', 'appbar', 'action_go_to', 'action_sort', 'main__view_pager_container', 'ui__filesystem_dialog__root', 'pull_to_refresh', 'ui__filesystem_dialog__list', 'ui__filesystem_item__root', 'ui__filesystem_item__image', 'ui__filesystem_item__title', 'ui__filesystem_item__description', 'parentPanel', 'customPanel', 'custom', 'new_file_dialog__root', 'new_file_dialog__name', 'new_file_dialog__ext', 'new_file_dialog__type', 'text1', 'new_file_dialog__template', 'buttonPanel', 'button3', 'button2', 'button1']"
54,"['DocumentActivity', 'MainActivity']","['DocumentEditFragment', 'MoreFragment']",['action_save'],"['action_bar_root', 'content', 'toolbar', 'note__activity__header_view_switcher', 'note__activity__text_note_title', 'action_preview', 'action_save', 'document__placeholder_fragment', 'document__fragment__edit__content_editor__scrolling_parent', 'document__fragment__edit__highlighting_editor', 'document__fragment__edit__textmodule_actions_bar__scrolling_parent', 'document__fragment__edit__textmodule_actions_bar', 'statusBarBackground', 'navigationBarBackground', 'main_content', 'main_bottom_stuff', 'fab_add_new_item', 'bottom_navigation_bar', 'nav_notebook', 'icon', 'largeLabel', 'nav_todo', 'smallLabel', 'nav_quicknote', 'nav_more', 'appbar', 'action_search', 'search_bar', 'search_button', 'action_sort', 'action_history', 'main__view_pager_container', 'notes_fragment_section_text', 'file_identifier_icon', 'note_title', 'note_extra']"
55,[],[],['traitRight'],"['action_bar_root', 'content', 'layout_main', 'toolbar', 'help', 'selectorList', 'selector', 'selectorSpinner', 'spinnerTarget', 'selectorText', 'traitLeft', 'traitType', 'traitRight', 'traitDetails', 'rangeLeft', 'namesPlotRangeHolder', 'rangeName', 'plotName', 'valuesPlotRangeHolder', 'tvRange', 'tvPlot', 'rangeRight', 'svTraitContainer', 'traitHolder', 'audioLayout', 'record', 'toolbarBottom', 'missingValue', 'deleteValue', 'statusBarBackground', 'navigationBarBackground', 'etCurVal', 'locationLayout', 'getLocationBtn', 'categoricalLayout', 'q1', 'q2']"
56,['CollectActivity'],[],"['traitLeft', 'button2']","['action_bar_root', 'content', 'layout_main', 'toolbar', 'help', 'selectorList', 'selector', 'selectorSpinner', 'spinnerTarget', 'selectorText', 'traitLeft', 'traitType', 'traitRight', 'traitDetails', 'rangeLeft', 'namesPlotRangeHolder', 'rangeName', 'plotName', 'valuesPlotRangeHolder', 'tvRange', 'tvPlot', 'rangeRight', 'etCurVal', 'svTraitContainer', 'traitHolder', 'numericLayout', 'k1', 'k2', 'k3', 'k4', 'k5', 'k6', 'k7', 'k8', 'k9', 'k10', 'k11', 'k12', 'k13', 'k14', 'k15', 'k16', 'toolbarBottom', 'missingValue', 'deleteValue', 'statusBarBackground', 'navigationBarBackground', 'parentPanel', 'topPanel', 'title_template', 'alertTitle', 'titleDividerNoCustom', 'contentPanel', 'scrollView', 'message', 'buttonPanel', 'button2', 'button1', 'labelprintLayout', 'labelPreview', 'printLabelButton', 'labelsizetext', 'labelsize', 'textfieldtitle', 'textfield', 'barcodefieldtitle', 'barcodefield', 'labelcopiestext', 'labelcopies', 'printStatusTitle', 'printStatus']"
71,"['SettingsActivity', 'MainActivity']",[],[],"['decor_content_parent', 'action_bar_container', 'action_bar', 'content', 'list_container', 'title', 'widget_frame', 'switch_widget', 'summary', 'statusBarBackground', 'navigationBarBackground', 'help', 'headers', 'widgetLayout', 'searchEditLayout', 'leftHandSideButtonsWrapper', 'launcherButton', 'searchEditText', 'rightHandSideButtonsWrapper', 'menuButton']"
76,['HomeActivity'],['ReportFragment'],['icon'],"['action_bar_root', 'content', 'drawer_layout', 'app_bar', 'toolbar', 'actions_abs_editable_filter', 'search_bar', 'search_button', 'content_main', 'activitiy_home_fragment', 'layout_home_view_pager', 'genfw_customListFragment_defaultViewContainer', 'genfw_customListFragment_container', 'fragmentContainer', 'abstract_layout_fast_scroll_recyclerview_container', 'abstract_layout_fast_scroll_recyclerview_bottom_divider', 'actionsContainer', 'sendLayoutButton', 'receiveLayoutButton', 'genfw_customListFragment_listViewContainer', 'genfw_customListFragment_emptyView', 'genfw_customListFragment_emptyImageView', 'genfw_customListFragment_emptyTextView', 'layout_home_navigator_container', 'layout_home_bottom_navigation_view', 'icon', 'largeLabel', 'smallLabel', 'navigationBarBackground', 'fragment_fileexplorer_listViewContainer', 'genfw_customListFragment_listView', 'layout_list_title_text', 'layout_image', 'selector', 'thumbnail', 'image', 'text', 'text2', 'menu', 'abstract_layout_fast_scroll_recyclerview_fastscroll_view', 'fragment_fileexplorer_separator', 'fragment_fileexplorer_pathresolver', 'list_pathresolver_image', 'list_pathresolver_text', 'title', 'submenuarrow']"
84,['ServerSettingsActivity'],[],[],"['decor_content_parent', 'action_bar_container', 'action_bar', 'content', 'title', 'summary', 'widget_frame', 'checkbox', 'parentPanel', 'topPanel', 'title_template', 'icon', 'alertTitle', 'titleDivider', 'contentPanel', 'scrollView', 'message', 'buttonPanel', 'button1']"
87,"['MainActivity', 'SelectAlbumActivity']",[],['main_albums_highest'],"['scrim_behind', 'notification_panel', 'notification_container_parent', 'qs_frame', 'quick_settings_container', 'header', 'qs_carrier_text', 'battery', 'battery_percentage_view', 'clock', 'quick_qs_panel', 'icon', 'qs_background', 'qs_footer', 'settings_button_container', 'settings_button', 'expand_indicator', 'date_time_alarm_group', 'date', 'notification_stack_scroller', 'backgroundNormal', 'expanded', 'status_bar_latest_event_content', 'notification_header', 'app_name_text', 'time_divider', 'time', 'expand_button', 'notification_action_list_margin_target', 'notification_main_column', 'line1', 'title', 'big_text', 'actions_container', 'actions', 'action0', 'fake_shadow', 'text', 'header_text_divider', 'header_text', 'content', 'dismiss_text', 'scrim_in_front', 'status_bar_container', 'status_bar', 'status_bar_contents', 'notification_icon_area', 'md__drawer', 'md__content', 'decor_content_parent', 'action_bar_container', 'action_bar', 'main_shuffle', 'main_select_server', 'main.select_server_1', 'main.select_server_2', 'main_music', 'main_artists_button', 'main_albums_button', 'main_genres_button', 'main_songs', 'main_songs_button', 'main_songs_starred', 'main_albums', 'main_albums_newest', 'main_albums_recent', 'main_albums_frequent', 'main_albums_highest', 'main_albums_random', 'main_albums_starred', 'main_albums_alphaByName', 'statusBarBackground', 'navigationBarBackground', 'parentPanel', 'topPanel', 'title_template', 'alertTitle', 'titleDividerNoCustom', 'contentPanel', 'scrollView', 'message', 'buttonPanel', 'button1']"
92,['MainActivity'],[],"['design_menu_item_text', 'search_src_text']","['action_bar_root', 'content', 'drawer_layout', 'nav_view', 'design_navigation_view', 'navigation_header_container', 'imageView', 'design_menu_item_text', 'toolbar', 'action_filter', 'action_scanner', 'main_connection', 'scanning', 'nodata', 'main_fragment_layout', 'main_fragment', 'accessPointsRefresh', 'accessPointsView', 'statusBarBackground', 'navigationBarBackground', 'vendorSearchText', 'search_bar', 'search_edit_frame', 'search_mag_icon', 'search_plate', 'search_src_text', 'vendor_name', 'vendor_macs', 'search_close_btn', 'empty']"
106,['MainActivity'],[],['title'],"['action_bar_root', 'content', 'drawer_layout', 'drawer_content_container', 'sliding_layout', 'content_container', 'fragment_container', 'coordinator_layout', 'appbar', 'toolbar', 'action_scan', 'action_go_to_start_directory', 'bread_crumbs', 'container', 'recycler_view', 'touch_intercept_framelayout', 'song_view', 'image_container', 'image', 'title_scrollview', 'title', 'menu', 'short_separator', 'text']"
110,[],[],['text'],"['action_bar_root', 'content', 'drawer_layout', 'drawer_content_container', 'sliding_layout', 'content_container', 'fragment_container', 'appbar', 'toolbar', 'action_search', 'tabs', 'pager', 'container', 'recycler_view', 'touch_intercept_framelayout', 'song_view', 'image_container', 'image', 'title_scrollview', 'title', 'text', 'action_shuffle_artist', 'header', 'album_count_icon', 'album_count_text', 'song_count_icon', 'song_count_text', 'duration_icon', 'duration_text', 'text_scrollview', 'menu', 'header_overlay']"
117,['ProductActivity'],"['IngredientsProductFragment', 'NutritionProductFragment']",[],"['action_bar_root', 'content', 'coordinator_layout_product', 'toolbar', 'tabs', 'pager', 'swipeRefresh', 'scrollView', 'imageViewFront', 'scores_layout', 'imageGrade', 'nova_group', 'cvProductDetails', 'textNameProduct', 'textGenericNameProduct', 'textBarcodeProduct', 'textQuantityProduct', 'textPackagingProduct', 'textBrandProduct', 'textCategoryProduct', 'bottom_navigation', 'share', 'largeLabel', 'icon', 'edit_product', 'search_product', 'history_bottom_nav', 'empty', 'buttonScan', 'statusBarBackground', 'navigationBarBackground', 'imageViewNutrition', 'textPerPortion', 'nutriments_recycler_view', 'nutriment_header', 'nutriment_name', 'nutriment_value', 'nutriment_serving_value']"
128,['SettingsActivity'],[],['text1'],"['action_bar_root', 'content', 'container_toolbar', 'container_content', 'title', 'summary', 'widget_frame', 'checkbox', 'statusBarBackground', 'navigationBarBackground', 'parentPanel', 'topPanel', 'title_template', 'alertTitle', 'contentPanel', 'text1', 'buttonPanel', 'button2']"
129,"['MainActivity', 'NexusLauncherActivity']",[],['manual_secret'],"['content', 'parentPanel', 'topPanel', 'title_template', 'alertTitle', 'customPanel', 'custom', 'manual_type', 'text1', 'manual_issuer', 'manual_label', 'manual_secret', 'manual_tags', 'dialog_expand_button', 'buttonPanel', 'button2', 'button1', 'launcher', 'drag_layer', 'scrim_view', 'workspace', 'workspace_page_container', 'search_container_workspace', 'smartspace_content', 'clock', 'page_indicator', 'hotseat', 'layout', 'search_container_hotseat', 'g_icon', 'mic_icon']"
130,['IntroScreenActivity'],[],['mi_button_next'],"['action_bar_root', 'content', 'mi_frame', 'mi_pager', 'mi_title', 'mi_description', 'mi_pager_indicator', 'mi_button_next', 'statusBarBackground', 'navigationBarBackground', 'introEncryptionSelection', 'text1', 'introEncryptionDesc', 'mi_button_back', 'introAuthDesc', 'introAuthSelection', 'introAuthWarnings', 'introCredentialsLayout', 'introPasswordLayout', 'introPasswordEdit', 'text_input_password_toggle', 'introPasswordConfirm']"
135,"['CategoryImagesActivity', 'CategoryDetailsActivity']","['MediaDetailPagerFragment', 'SubCategoryListFragment']",['mediaDetailCategoryItemText'],"['action_bar_root', 'content', 'drawer_layout', 'toolbar', 'menu_bookmark_current_image', 'menu_share_current_image', 'fragmentContainer', 'mediaDetailsPager', 'mediaDetailScrollView', 'mediaDetailLicense', 'mediaDetailCoordinates', 'mediaDetailCategoryContainer', 'mediaDetailCategoryItemText', 'mediaDetailImage', 'statusBarBackground', 'navigationBarBackground', 'toolbar_layout', 'tabLayout', 'viewPager', 'parentLayout', 'categoryImagesList', 'categoryImageView', 'categoryImageTitle', 'categoryImageAuthor', 'image_search_results_display', 'imageSearchInProgress']"
158,"['NoteEditor', 'DeckPicker', 'Reviewer']",[],[],"['action_bar_root', 'content', 'root_layout', 'toolbar', 'action_save', 'CardEditorScroll', 'CardEditorLayout', 'CardEditorModelText', 'note_type_spinner', 'text1', 'CardEditorDeckText', 'note_deck_spinner', 'CardEditorEditFieldsLayout', 'id_note_editText', 'id_media_button', 'CardEditorTagButton', 'CardEditorTagText', 'CardEditorCardsButton', 'CardEditorCardsText', 'navigationBarBackground', 'drawer_layout', 'deckpicker_view', 'action_sync', 'pull_to_sync_wrapper', 'files', 'DeckPickerHoriz', 'deckpicker_name', 'counts_layout', 'deckpicker_new', 'deckpicker_lrn', 'deckpicker_rev', 'today_stats_text_view', 'add_content_menu', 'fab_expand_menu_button', 'front_frame', 'action_undo', 'action_mark_card', 'top_bar', 'new_number', 'learn_number', 'review_number', 'flashcard_frame', 'touch_layer', 'flashcard', 'whiteboard', 'bottom_area_layout', 'answer_options_layout', 'flashcard_layout_flip', 'flip_card']"
159,"['NoteEditor', 'AnkiDroidCrashReportDialog']",[],"['text1', 'action_save']","['text1', 'action_bar_root', 'content', 'root_layout', 'toolbar', 'action_save', 'CardEditorScroll', 'CardEditorLayout', 'CardEditorModelText', 'note_type_spinner', 'CardEditorDeckText', 'note_deck_spinner', 'CardEditorEditFieldsLayout', 'id_note_editText', 'CardEditorTagButton', 'CardEditorTagText', 'CardEditorCardsButton', 'CardEditorCardsText', 'statusBarBackground', 'navigationBarBackground', 'parentPanel', 'topPanel', 'title_template', 'icon', 'alertTitle', 'customPanel', 'custom', 'scrollView1', 'etFeedbackText', 'alwaysReportCheckbox', 'tvFeedbackDisclaimer', 'buttonPanel', 'button2', 'button1']"
160,[],[],['action_undo'],"['action_bar_root', 'content', 'drawer_layout', 'root_layout', 'front_frame', 'toolbar', 'action_hide_whiteboard', 'action_undo', 'action_flag', 'top_bar', 'new_number', 'learn_number', 'review_number', 'choosen_answer', 'flashcard_frame', 'flashcard', 'qa', 'touch_layer', 'whiteboard', 'bottom_area_layout', 'answer_options_layout', 'flashcard_layout_flip', 'flip_card', 'navigationBarBackground']"
162,"['AccountSetupBasics', 'DocumentsActivity']",[],"['account_password', 'manual_setup']","['decor_content_parent', 'action_bar_container', 'action_bar', 'home', 'action_bar_title', 'content', 'account_email', 'account_password', 'show_password', 'foldable_advanced_options', 'foldableControl', 'foldableIcon', 'foldableText', 'divider', 'manual_setup', 'next', 'parentPanel', 'contentPanel', 'scrollView', 'message', 'buttonPanel', 'button1']"
168,[],[],"['permission_allow_always_button', 'map']","['content', 'content_container', 'permission_icon', 'permission_message', 'permission_allow_always_button', 'permission_allow_foreground_only_button', 'permission_deny_button', 'decor_content_parent', 'mainscreen', 'status', 'status_icon', 'status_message', 'map', 'nearest', 'search_offline', 'advanced_button', 'any_button', 'filter_button', 'filter_button_title', 'nav_location', 'nav_satellites', 'nav_accuracy', 'nav_type', 'action_bar_container', 'action_bar', 'menu_gosearch', 'menu_history', 'launcher', 'drag_layer', 'scrim_view', 'workspace', 'search_container_workspace', 'smartspace_content', 'clock', 'page_indicator', 'hotseat', 'apps_view', 'all_apps_header', 'search_container_all_apps', 'g_icon', 'mic_icon']"
191,['GameActivity'],[],[],"['content', 'fragment_status', 'txt_credits', 'txt_bonus', 'txt_lives', 'txt_wave', 'view_tower_1', 'view_tower_2', 'view_tower_3', 'view_tower_4', 'btn_menu', 'btn_next_wave', 'view_tower_defense']"
192,"['RecentsActivity', 'DocumentActivity']",['DocumentEditFragment'],"['document__fragment__edit__highlighting_editor', 'title']","['content', 'recents_view', 'task_view_thumbnail', 'task_view_bar', 'icon', 'dismiss_task', 'title', 'nav_bar_scrim', 'action_bar_root', 'toolbar', 'note__activity__header_view_switcher', 'note__activity__text_note_title', 'action_preview', 'action_undo', 'document__placeholder_fragment', 'document__fragment__edit__content_editor__scrolling_parent', 'document__fragment__edit__highlighting_editor', 'document__fragment__edit__textmodule_actions_bar__scrolling_parent', 'document__fragment__edit__textmodule_actions_bar', 'statusBarBackground', 'navigationBarBackground']"
193,['AddBirthdayActivity'],[],"['button1', 'birthdaypicker_label']","['action_bar_root', 'content', 'parentPanel', 'topPanel', 'title_template', 'alertTitle', 'customPanel', 'custom', 'dialog_birthday_picker', 'include_year_checkbox', 'buttonPanel', 'button1', 'addbirthday_title', 'addbirthday_content', 'addbirthday_hero', 'contact_hero_avatar_holder', 'contacthero_name_suggestion', 'addbirthday_datepicker', 'birthdaypicker_label', 'addbirthday_dismiss_button', 'addbirthday_add_button']"
199,"['ObservationEditor', 'ObservationListActivity']",[],"['notification_stack_scroller', 'save_observation']","['notification_panel', 'notification_container_parent', 'qs_auto_reinflate_container', 'quick_settings_container', 'header', 'quick_qs_panel', 'icon', 'date_time_alarm_group', 'date_time_group', 'clock', 'time_view', 'am_pm_view', 'date', 'settings_button_container', 'settings_button', 'expand_indicator', 'notification_stack_scroller', 'backgroundNormal', 'expanded', 'status_bar_latest_event_content', 'notification_header', 'app_name_text', 'expand_button', 'notification_action_list_margin_target', 'notification_main_column', 'line1', 'title', 'big_text', 'actions_container', 'actions', 'action0', 'fake_shadow', 'text', 'dismiss_text', 'scrim_behind', 'scrim_in_front', 'status_bar', 'status_bar_contents', 'notification_icon_area', 'decor_content_parent', 'action_bar_container', 'action_bar', 'save_observation', 'content', 'main_content', 'swipeable_layout', 'take_photo', 'gallery', 'dummy_focus', 'species_guess_icon', 'speciesGuess', 'help_id_icon', 'id_please', 'notes_icon', 'description', 'time_icon', 'observed_on', 'time_observed_at', 'location_icon', 'locationRefreshButton', 'location_guess', 'coordinates', 'latitude', 'longitude', 'accuracy_prefix', 'accuracy', 'location_visibility_icon', 'locationVisibility', 'location_visibility_description', 'is_captive_icon', 'is_captive', 'is_captive_checkbox', 'is_captive_off_icon', 'projects_icon', 'select_projects', 'statusBarBackground', 'navigationBarBackground', 'drawer_layout', 'drawer_content', 'observations_list', 'image', 'linearLayout2', 'subContent', 'rightObsPart', 'dateObserved', 'commentsIdClickCatcher', 'syncRequired', 'add_observation']"
200,"['ObservationListActivity', 'ObservationEditor']",[],"['bs_list_title', 'save_observation']","['content', 'bs_main', 'bottom_sheet_gridview', 'bs_list_image', 'bs_list_title', 'decor_content_parent', 'action_bar_container', 'action_bar', 'save_observation', 'main_content', 'swipeable_layout', 'take_photo', 'gallery', 'dummy_focus', 'species_guess_icon', 'speciesGuess', 'help_id_icon', 'id_please', 'notes_icon', 'description', 'time_icon', 'observed_on', 'time_observed_at', 'location_icon', 'locationRefreshButton', 'location_guess', 'coordinates', 'latitude', 'longitude', 'accuracy_prefix', 'accuracy', 'location_visibility_icon', 'locationVisibility', 'location_visibility_description', 'is_captive_icon', 'is_captive', 'is_captive_checkbox', 'is_captive_off_icon', 'projects_icon', 'select_projects', 'statusBarBackground', 'navigationBarBackground', 'drawer_layout', 'drawer_content', 'observations_list', 'image', 'linearLayout2', 'subContent', 'rightObsPart', 'dateObserved', 'commentsIdClickCatcher', 'syncRequired', 'add_observation']"
201,"['ObservationEditor', 'ObservationListActivity']",[],"['save_observation', 'cancel_sync']","['decor_content_parent', 'action_bar_container', 'action_bar', 'save_observation', 'content', 'main_content', 'swipeable_layout', 'take_photo', 'gallery', 'observation_photo', 'observation_is_first', 'is_first_on', 'is_first_text', 'is_first_off', 'dummy_focus', 'species_guess_icon', 'speciesGuess', 'notes_icon', 'description', 'time_icon', 'observed_on', 'time_observed_at', 'location_icon', 'locationRefreshButton', 'location_guess', 'coordinates', 'latitude', 'longitude', 'accuracy_prefix', 'accuracy', 'location_visibility_icon', 'locationVisibility', 'location_visibility_description', 'is_captive_icon', 'is_captive', 'is_captive_checkbox', 'is_captive_off_icon', 'projects_icon', 'select_projects', 'statusBarBackground', 'navigationBarBackground', 'drawer_layout', 'drawer_content', 'observation_view_type', 'search_observations', 'tabs', 'count', 'tab_name', 'separator', 'view_pager', 'people_container', 'syncing_top_bar', 'syncing_status', 'cancel_sync', 'list', 'observation_iconic_pic', 'species_guess', 'place_guess', 'date', 'comment_id_container', 'id_pic', 'id_count', 'observation_pic', 'progress', 'add_observation']"
206,"['AccountsActivity', 'PreferenceActivity']","['AccountsListFragment', 'BookManagerFragment']",['title'],"['action_bar_root', 'content', 'drawer_layout', 'coordinatorLayout', 'fragment_container', 'toolbar', 'menu_search', 'tab_layout', 'pager', 'fragment_account_list', 'account_recycler_view', 'account_color_strip', 'primary_text', 'secondary_text', 'favorite_status', 'account_balance', 'options_menu', 'fab_create_account', 'nav_view', 'design_navigation_view', 'navigation_header_container', 'drawer_title', 'book_name', 'design_menu_item_text', 'statusBarBackground', 'navigationBarBackground', 'title', 'decor_content_parent', 'action_bar_container', 'action_bar', 'menu_create_book', 'list_container', 'list', 'list_item_2_lines', 'label_last_sync', 'last_sync_time']"
209,['FormActivity'],['TransactionFormFragment'],['input_transaction_amount'],"['action_bar_root', 'content', 'toolbar', 'menu_save', 'fragment_container', 'fragment_transaction_form', 'input_transaction_name', 'currency_symbol', 'input_transaction_amount', 'btn_split_editor', 'input_transaction_type', 'layout_double_entry', 'input_transfer_account_spinner', 'text1', 'input_date', 'input_time', 'input_description', 'input_recurrence', 'statusBarBackground', 'navigationBarBackground', 'calculator_keyboard']"
227,"['FormActivity', 'TransactionsActivity', 'AccountsActivity']","['TransactionFormFragment', 'AccountsListFragment']",['menu_save'],"['action_bar_root', 'content', 'toolbar', 'menu_save', 'fragment_container', 'fragment_transaction_form', 'input_transaction_name', 'currency_symbol', 'input_transaction_amount', 'btn_split_editor', 'input_transaction_type', 'layout_double_entry', 'input_transfer_account_spinner', 'text1', 'input_date', 'input_time', 'input_description', 'input_recurrence', 'calculator_keyboard', 'statusBarBackground', 'navigationBarBackground', 'drawer_layout', 'coordinatorLayout', 'toolbar_spinner', 'menu_favorite_account', 'tab_layout', 'pager', 'fragment_transaction_list', 'transaction_recycler_view', 'list_item_2_lines', 'primary_text', 'secondary_text', 'edit_transaction', 'transaction_date', 'transaction_amount', 'options_menu', 'fab_create_transaction', 'menu_search', 'fragment_account_list', 'account_recycler_view', 'account_color_strip', 'favorite_status', 'account_balance', 'fab_create_account']"
248,"['AdminPreferencesActivity', 'PreferencesActivity']",[],"['summary', 'title']","['action_bar_root', 'content', 'toolbar', 'list_container', 'title', 'summary', 'statusBarBackground', 'navigationBarBackground', 'icon_frame', 'icon']"
256,"['TransactionsActivity', 'AccountsActivity']",['TransactionsListFragment'],['title'],"['action_bar_root', 'content', 'drawer_layout', 'coordinatorLayout', 'fragment_container', 'toolbar', 'toolbar_spinner', 'text1', 'menu_favorite_account', 'tab_layout', 'pager', 'fragment_transaction_list', 'transaction_recycler_view', 'empty_view', 'fab_create_transaction', 'statusBarBackground', 'navigationBarBackground', 'title', 'checkbox', 'parentPanel', 'topPanel', 'title_template', 'alertTitle', 'customPanel', 'custom', 'aerr_restart']"
271,[],[],['text_secret'],"['decor_content_parent', 'action_bar_container', 'action_bar', 'action_save', 'content', 'text_name', 'text_issuer', 'spinner_group', 'text1', 'expandableLayout', 'spinner_type', 'spinner_algo', 'text_digits', 'row_period', 'text_period', 'text_hint', 'text_secret', 'text_input_end_icon', 'profile_drawable']"
275,[],[],"['check_toggle_visibility', 'next']","['action_bar_root', 'content', 'background', 'view_pager', 'main', 'textView2', 'textView4', 'text_password', 'textView3', 'text_password_confirm', 'check_toggle_visibility', 'bottom', 'back', 'indicator_container', 'next', 'statusBarBackground', 'navigationBarBackground', 'title', 'image', 'description', 'done']"
1028,"['TranslationActivity', 'MultimediaEditFieldActivity']",[],['text1'],"['text1', 'decor_content_parent', 'action_bar_container', 'action_bar', 'content', 'MainLayoutInTranslationActivity', 'statusBarBackground', 'navigationBarBackground', 'action_bar_root', 'root_layout', 'toolbar', 'multimedia_edit_field_to_image', 'multimedia_edit_field_to_audio', 'multimedia_edit_field_done', 'scrollView1', 'LinearLayoutInScrollViewFieldEdit']"
1073,"['SettingsActivity', 'MainActivity']",['BrowserFragment'],[],"['action_bar_root', 'content', 'toolbar', 'container', 'list_container', 'title', 'summary', 'widget_frame', 'switch_widget', 'link', 'icon_frame', 'icon', 'statusBarBackground', 'navigationBarBackground', 'browser_container', 'status_bar_background', 'main_content', 'appbar', 'urlbar', 'toolbarContent', 'security_info', 'display_url', 'menuView', 'swipe_refresh', 'first', 'erase']"
1089,"['SettingsActivity', 'ClockTimersActivity']",['TimeControlFragment'],['button1'],"['content', 'parentPanel', 'topPanel', 'title_template', 'alertTitle', 'customPanel', 'custom', 'time_picker_widget', 'numberpicker_input', 'hour_divider', 'minute_divider', 'second_divider', 'buttonPanel', 'button2', 'button1', 'decor_content_parent', 'action_bar_container', 'action_bar', 'action_new_stage', 'action_save_time_control', 'container', 'time_control_name', 'stages_title_text', 'stage_label', 'stage_description', 'increment_title_text', 'btn_edit_increment', 'increment_label', 'increment_description', 'player_selection_bottom_navigation', 'nav_player1', 'icon', 'largeLabel', 'nav_player2', 'smallLabel', 'navigationBarBackground', 'aerr_restart']"
1096,"['GrantPermissionsActivity', 'RecordSoundActivity', 'inaturalist']",[],['permission_allow_button'],"['content', 'dialog_container', 'desc_container', 'perm_desc_root', 'permission_icon', 'permission_message', 'button_group', 'permission_deny_button', 'permission_allow_button', 'decor_content_parent', 'action_bar_container', 'action_bar', 'seconds_counter', 'sound_visualizer', 'start_recording', 'stop_recording', 'parentPanel', 'topPanel', 'title_template', 'alertTitle', 'customPanel', 'custom', 'aerr_restart']"
1130,['MainActivity'],['QueueFragment'],['empty'],"['action_bar_root', 'content', 'drawer_layout', 'toolbar', 'queue_lock', 'refresh_item', 'main_view', 'info_bar', 'divider', 'recyclerView', 'container', 'drag_handle', 'imgvCover', 'txtvTitle', 'txtvPubDate', 'bottom_bar', 'txtvProgressLeft', 'txtvProgressRight', 'butSecondaryAction', 'statusBarBackground', 'navigationBarBackground', 'empty']"
1146,['GpsTestActivity'],"['GnssFilterDialog', 'GpsStatusFragment']","['button1', 'gps_switch']","['action_bar_root', 'content', 'parentPanel', 'topPanel', 'title_template', 'alertTitle', 'titleDividerNoCustom', 'contentPanel', 'text1', 'buttonPanel', 'button2', 'button1', 'toolbar', 'sort_sats', 'filter_sats', 'gps_switch_item', 'gps_switch', 'nav_drawer_left_pane', 'mainlayout', 'bottom_sliding_layout', 'main_content', 'fragment_container', 'status_location_card', 'lat_long_table', 'latitude_label', 'latitude', 'fix_time_label', 'fix_time', 'longitude_label', 'longitude', 'gps_ttff_label', 'ttff', 'altitude_label', 'altitude', 'hor_vert_accuracy_label', 'hor_vert_accuracy', 'altitude_msl_label', 'altitude_msl', 'num_sats_label', 'num_sats', 'speed_label', 'speed', 'bearing_label', 'bearing', 'status_filter_group', 'filter_text', 'filter_show_all', 'gnss_status_card', 'gnss_status_list', 'sv_id', 'gnss_flag_header', 'carrier_frequency', 'signal', 'status_flags', 'elevation', 'azimuth', 'gnss_flag_layout', 'gnss_flag', 'sbas_status_card', 'sbas_not_available']"
1147,"['NexusLauncherActivity', 'GpsTestActivity']",['GpsStatusFragment'],['icon'],"['content', 'launcher', 'drag_layer', 'workspace', 'apps_view', 'main_content', 'search_container', 'search_box_input', 'apps_list_view', 'icon', 'reveal_view', 'action_bar_root', 'toolbar', 'send_location', 'gps_switch_item', 'gps_switch', 'nav_drawer_left_pane', 'fragment_container', 'status_location_card', 'lat_long_table', 'latitude_label', 'latitude', 'fix_time_label', 'fix_time', 'longitude_label', 'longitude', 'gps_ttff_label', 'ttff', 'altitude_label', 'altitude', 'accuracy_label', 'accuracy', 'altitude_msl_label', 'altitude_msl', 'speed_label', 'speed', 'num_sats_label', 'num_sats', 'bearing_label', 'bearing', 'status_signals_card', 'status_list', 'sv_id', 'gnss_flag_header', 'carrier_frequency', 'signal', 'elevation', 'azimuth', 'status_flags', 'gnss_flag_layout', 'gnss_flag', 'navigation_drawer', 'navdrawer_items_list', 'title', 'secondary_icon']"
1150,"['GpsTestActivity', 'HelpActivity']",['GpsStatusFragment'],['title'],"['action_bar_root', 'content', 'toolbar', 'sort_sats', 'send_location', 'gps_switch_item', 'gps_switch', 'nav_drawer_left_pane', 'mainlayout', 'bottom_sliding_layout', 'main_content', 'fragment_container', 'status_location_card', 'lat_long_table', 'latitude_label', 'latitude', 'fix_time_label', 'fix_time', 'longitude_label', 'longitude', 'gps_ttff_label', 'ttff', 'altitude_label', 'altitude', 'hor_vert_accuracy_label', 'hor_vert_accuracy', 'altitude_msl_label', 'altitude_msl', 'num_sats_label', 'num_sats', 'speed_label', 'speed', 'bearing_label', 'bearing', 'gnss_status_card', 'gnss_status_list', 'sv_id', 'gnss_flag_header', 'signal', 'status_flags', 'elevation', 'azimuth', 'sbas_status_card', 'sbas_status_list', 'navigation_drawer', 'navdrawer_items_list', 'icon', 'title', 'secondary_icon', 'parentPanel', 'topPanel', 'title_template', 'alertTitle', 'titleDividerNoCustom', 'contentPanel', 'text1', 'decor_content_parent', 'action_bar_container', 'action_bar', 'activity_help', 'app_version', 'help_text']"
1151,"['Preferences', 'NexusLauncherActivity']",[],['checkbox'],"['content', 'action_bar', 'content_wrapper', 'headers', 'title', 'summary', 'widget_frame', 'checkbox', 'launcher', 'drag_layer', 'workspace', 'apps_view', 'main_content', 'search_container', 'search_box_input', 'apps_list_view', 'icon', 'reveal_view']"
1198,['MainActivity'],['ViewFilesFragment'],"['password', 'md_buttonDefaultPositive']","['content', 'md_root', 'md_titleFrame', 'md_title', 'md_customViewFrame', 'passwordlayout', 'password', 'text_input_password_toggle', 'md_buttonDefaultNegative', 'md_buttonDefaultPositive', 'action_bar_root', 'drawer_layout', 'toolbar', 'action_search', 'search_bar', 'search_button', 'item_sort', 'emptyStatusView', 'swipe', 'filesRecyclerView', 'checkbox', 'fileRipple', 'fileName', 'fileSize', 'fileDate', 'navigationBarBackground']"
1202,['ImageEditor'],[],"['savecurrent', 'nextimageButton']","['decor_content_parent', 'action_bar_container', 'action_bar', 'finish', 'content', 'resetCurrent', 'savecurrent', 'imagecount', 'nextimageButton', 'scrollViewImage', 'photoEditorView', 'doodleSeekBar', 'doodle_colors', 'doodle_color', 'recyclerView', 'parentLayout', 'filter_preview', 'filter_Name', 'statusBarBackground', 'navigationBarBackground']"
1205,['MainActivity'],"['MergeFilesFragment', 'HomeFragment']",['viewFiles'],"['action_bar_root', 'content', 'drawer_layout', 'toolbar', 'mergebtn', 'selectFiles', 'enhancement_options_recycle_view', 'container_card_view', 'passwordProtectedPDF', 'option_image', 'option_name', 'bottom_sheet', 'layout', 'viewFiles', 'upArrow', 'statusBarBackground', 'navigationBarBackground', 'recyclerViewFiles', 'itemMerge_checkbox', 'fileName', 'images_to_pdf', 'text_to_pdf', 'qr_barcode_to_pdf', 'view_files', 'view_history', 'add_password', 'remove_password', 'rotate_pages', 'add_watermark', 'add_images']"
1207,"['MainActivity', 'NexusLauncherActivity']",[],"['manual_digits', 'button1']","['content', 'parentPanel', 'topPanel', 'title_template', 'alertTitle', 'customPanel', 'custom', 'manual_type', 'text1', 'manual_label', 'manual_secret', 'manual_tags', 'dialog_expand_button', 'dialog_expand_layout', 'manual_period', 'manual_digits', 'manual_algorithm', 'buttonPanel', 'button2', 'button1', 'aerr_restart']"
1213,[],[],"['passwordConfirm', 'text_input_end_icon']","['content', 'parentPanel', 'topPanel', 'title_template', 'alertTitle', 'customPanel', 'custom', 'text1', 'credentialsLayout', 'passwordLayout', 'passwordEdit', 'text_input_end_icon', 'passwordConfirm', 'btnCancel', 'btnSave']"
1214,[],[],['text_input_end_icon'],"['action_bar_root', 'content', 'mi_frame', 'mi_pager', 'introAuthDesc', 'introAuthSelection', 'text1', 'introCredentialsLayout', 'introPasswordLayout', 'introPasswordEdit', 'text_input_end_icon', 'introPasswordConfirm', 'mi_button_back', 'mi_pager_indicator', 'mi_button_next', 'statusBarBackground', 'navigationBarBackground']"
1215,[],[],"['manual_counter', 'button1']","['content', 'parentPanel', 'topPanel', 'title_template', 'alertTitle', 'customPanel', 'custom', 'manual_type', 'text1', 'manual_issuer', 'manual_label', 'manual_secret', 'manual_layout_counter', 'manual_counter', 'manual_tags', 'dialog_expand_button', 'buttonPanel', 'button2', 'button1', 'launcher', 'drag_layer', 'scrim_view', 'apps_view', 'apps_list_view', 'icon', 'all_apps_header', 'search_container_all_apps', 'g_icon', 'mic_icon', 'fast_scroller']"
1222,"['FormActivity', 'ScheduledActionsActivity']","['RecurrencePickerDialogFragment', 'ExportFormFragment', 'ScheduledActionsListFragment']","['done_button', 'menu_save']","['content', 'freqSpinner', 'spinner_item', 'repeat_switch', 'options', 'intervalGroup', 'intervalPreText', 'interval', 'intervalPostText', 'weekGroup', 'weekGroup2', 'endGroup', 'endSpinner', 'ok_cancel_buttons_layout', 'cancel_button', 'done_button', 'action_bar_root', 'toolbar', 'menu_save', 'fragment_container', 'spinner_export_destination', 'text1', 'label_export_format', 'radio_qif_format', 'radio_xml_format', 'export_warning', 'export_date_layout', 'label_export_date', 'export_start_date', 'export_start_time', 'switch_export_all', 'checkbox_post_export_delete', 'recurrence_options', 'label_recurring_transaction', 'input_recurrence', 'statusBarBackground', 'navigationBarBackground', 'drawer_layout', 'coordinatorLayout', 'menu_add_scheduled_export', 'tab_layout', 'pager', 'checkbox', 'primary_text', 'secondary_text']"
1223,"['TransactionDetailActivity', 'FormActivity']","['TransactionFormFragment', 'SplitEditorFragment']",['btn_split_editor'],"['action_bar_root', 'content', 'toolbar', 'trn_description', 'transaction_account', 'fragment_transaction_details', 'split_account_name', 'split_debit', 'split_credit', 'balance_debit', 'balance_credit', 'row_time_and_date', 'trn_time_and_date', 'fab_edit_transaction', 'menu_save', 'fragment_container', 'fragment_transaction_form', 'input_transaction_name', 'currency_symbol', 'input_transaction_amount', 'btn_split_editor', 'input_transaction_type', 'layout_double_entry', 'input_transfer_account_spinner', 'text1', 'input_date', 'input_time', 'input_description', 'input_recurrence', 'menu_add_split', 'imbalance_layout', 'imbalance_textview', 'split_list_layout', 'split_currency_symbol', 'input_split_amount', 'btn_split_type', 'btn_remove_split', 'name_text_input_layout', 'input_split_memo', 'input_accounts_spinner', 'calculator_keyboard']"
1224,"['FormActivity', 'AccountsActivity']","['ColorPickerDialog', 'AccountFormFragment', 'AccountsListFragment']","['color_picker_swatch', 'menu_save']","['content', 'parentPanel', 'topPanel', 'title_template', 'alertTitle', 'customPanel', 'custom', 'color_picker', 'color_picker_swatch', 'action_bar_root', 'toolbar', 'menu_save', 'fragment_container', 'fragment_account_form', 'name_text_input_layout', 'input_account_name', 'input_currency_spinner', 'text1', 'layout_color_type', 'input_color_picker', 'input_account_type_spinner', 'description_input_layout', 'input_account_description', 'checkbox_placeholder_account', 'label_default_transfer_account', 'layout_default_transfer_account', 'checkbox_default_transfer_account', 'input_default_transfer_account', 'statusBarBackground', 'navigationBarBackground', 'drawer_layout', 'coordinatorLayout', 'menu_search', 'tab_layout', 'pager', 'fragment_account_list', 'account_recycler_view', 'account_color_strip', 'primary_text', 'secondary_text', 'favorite_status', 'account_balance', 'options_menu', 'fab_create_account']"
1228,"['FormActivity', 'TransactionDetailActivity']","['SplitEditorFragment', 'TransactionFormFragment']",['menu_save'],"['action_bar_root', 'content', 'toolbar', 'menu_add_split', 'menu_save', 'fragment_container', 'imbalance_layout', 'imbalance_textview', 'split_list_layout', 'split_currency_symbol', 'input_split_amount', 'btn_split_type', 'btn_remove_split', 'name_text_input_layout', 'input_split_memo', 'input_accounts_spinner', 'text1', 'calculator_keyboard', 'statusBarBackground', 'navigationBarBackground', 'fragment_transaction_form', 'input_transaction_name', 'currency_symbol', 'input_transaction_amount', 'btn_split_editor', 'input_date', 'input_time', 'input_description', 'input_recurrence', 'trn_description', 'transaction_account', 'fragment_transaction_details', 'split_account_name', 'split_debit', 'split_credit', 'fab_edit_transaction']"
1299,"['ConfigActivity', 'CollectActivity']",[],"['config_title', 'minusBtn']","['action_bar_root', 'content', 'toolbar', 'changelog', 'config_icon', 'config_title', 'statusBarBackground', 'navigationBarBackground', 'layout_main', 'selectorList', 'selector', 'selectorSpinner', 'spinnerTarget', 'selectorText', 'traitLeft', 'traitType', 'traitRight', 'traitDetails', 'rangeLeft', 'namesPlotRangeHolder', 'rangeName', 'plotName', 'valuesPlotRangeHolder', 'tvRange', 'tvPlot', 'rangeRight', 'svTraitContainer', 'traitHolder', 'counterLayout', 'curCount', 'minusBtn', 'addBtn', 'toolbarBottom', 'missingValue', 'deleteValue', 'parentPanel', 'topPanel', 'title_template', 'alertTitle', 'customPanel', 'custom', 'aerr_app_info', 'aerr_close']"
1389,"['MainActivity', 'Launcher']",['MainActivityFragment'],"['menu_add', 'button1']","['decor_content_parent', 'action_bar_container', 'action_bar', 'menu_add', 'content', 'fragment_main', 'main_actioncall_layout', 'main_textview', 'main_actioncall_image_arrow', 'statusBarBackground', 'navigationBarBackground', 'parentPanel', 'customPanel', 'custom', 'dialog_add_station_message', 'dialog_add_station_input', 'dialog_add_station_howto', 'buttonPanel', 'button2', 'button1', 'contentPanel', 'scrollView', 'message']"
1399,['SettingsActivity'],[],"['button1', 'camera_item_sub']","['action_bar_root', 'content', 'parentPanel', 'customPanel', 'custom', 'message_card', 'text_dialog_title', 'text_dialog_rl', 'text_dialog_message', 'buttonPanel', 'button2', 'button1', 'setting_background', 'toolbar', 'settingAct_scrollView', 'general_setting_card', 'general_setting_title', 'll_camera', 'camera_icon', 'camera_item_title', 'camera_item_sub', 'll_security', 'security_icon', 'security_item_title', 'security_item_sub', 'll_n_columns', 'n_columns_icon', 'n_columns_Item_Title', 'n_columns_Item_Title_Sub', 'll_excluded_album', 'excluded_album_icon', 'Excluded_Album_Item_Title', 'Excluded_Album_Item_Title_Sub', 'theme_setting_card', 'theme_setting_title', 'll_basic_theme', 'basic_theme_icon', 'basic_theme_item', 'basic_theme_item_sub', 'll_primaryColor', 'primary_color_icon', 'PrimaryColor_Item', 'PrimaryColor_Item_Sub', 'll_accentColor', 'accent_color_icon', 'accentColor_Item', 'accentColor_Item_Sub', 'll_custom_thirdAct', 'custom_3thact_icon', 'custom_3thAct_title', 'custom_3thAct_Sub', 'pref_container', 'statusBarBackground', 'navigationBarBackground', 'topPanel', 'title_template', 'alertTitle', 'titleDividerNoCustom', 'contentPanel', 'scrollView', 'message']"
1402,"['LFMainActivity', 'SingleMediaActivity', 'SharingActivity']",['SupportRequestManagerFragment'],"['photo_preview', 'action_share']","['action_bar_root', 'content', 'drawer_layout', 'Relative_Album_layout', 'toolbar', 'sort_action', 'delete_action', 'swipeRefreshLayout', 'rl_main_content', 'grid_photos', 'media_card_layout', 'photo_preview', 'bottombar', 'navigation_camera', 'smallLabel', 'icon', 'navigation_home', 'largeLabel', 'navigation_accounts', 'statusBarBackground', 'navigationBarBackground', 'PhotoPager_Layout', 'photos_pager', 'toolbar_bottom', 'action_share', 'action_edit', 'action_delete', 'action_details', 'share_layout', 'share_image', 'edit_text_caption_container', 'edittext_share_caption', 'button_mic', 'divider1', 'bottom_view', 'share_account', 'account_image', 'account_name']"
1403,"['LFMainActivity', 'SingleMediaActivity']",['SupportRequestManagerFragment'],"['photo_preview', 'action_edit']","['action_bar_root', 'content', 'drawer_layout', 'Relative_Album_layout', 'toolbar', 'sort_action', 'delete_action', 'swipeRefreshLayout', 'rl_main_content', 'grid_photos', 'media_card_layout', 'photo_preview', 'bottombar', 'navigation_camera', 'smallLabel', 'icon', 'navigation_home', 'largeLabel', 'navigation_accounts', 'statusBarBackground', 'navigationBarBackground', 'PhotoPager_Layout', 'photos_pager', 'toolbar_bottom', 'action_share', 'action_edit', 'action_delete', 'action_details', 'parentPanel', 'topPanel', 'title_template', 'alertTitle', 'customPanel', 'custom', 'aerr_restart']"
1406,"['SingleMediaActivity', 'EditImageActivity']","['SupportRequestManagerFragment', 'RecyclerMenuFragment']",['action_edit'],"['action_bar_root', 'content', 'view_switcher_single_media', 'PhotoPager_Layout', 'photos_pager', 'layout', 'toolbar_bottom', 'action_share', 'action_edit', 'action_delete', 'action_details', 'toolbar', 'parentLayout', 'work_space', 'main_image', 'control_area', 'button_container', 'edit_cancel', 'edit_undo', 'edit_befaft', 'edit_redo', 'edit_save', 'preview_container', 'editor_recyclerview', 'll_effect_wrapper', 'editor_item_image', 'editor_item_title', 'controls_container', 'menu_filter', 'filtericonimage', 'menu_enhance', 'enhanceiconimage', 'menu_adjust', 'cropiconimage', 'menu_sticker', 'stickericonimage', 'menu_frame', 'frameiconimage', 'menu_write', 'texticonimage']"
1425,['MainActivity'],[],"['text1', 'btn_update']","['text1', 'content', 'EditorValueTitle', 'EditorValueDateInput', 'cardviewWeight', 'singlevalueinput_title', 'singlevalueinput_value', 'EditorValueInput', 'singlevalueinput_unitSpinner', 'btn_cancel', 'btn_update', 'action_bar_root', 'drawer_layout', 'actionToolbar', 'imageProfile', 'action_chrono', 'fragment_container', 'weightInput', 'weightGraph', 'weightDetailsButton', 'fatInput', 'fatGraph', 'fatDetailsButton', 'musclesInput', 'musclesGraph', 'musclesDetailsButton', 'waterInput', 'waterGraph', 'waterDetailsButton', 'imcValue', 'imcViewText', 'imcHelp', 'ffmiValue', 'ffmiViewText', 'ffmiHelp', 'statusBarBackground', 'navigationBarBackground']"
1428,['MainActivity'],"['BodyPartListFragment', 'BodyPartDetailsFragment']","['LIST_BODYPART', 'buttonAdd']","['action_bar_root', 'content', 'drawer_layout', 'actionToolbar', 'imageProfile', 'action_chrono', 'fragment_container', 'addBodyPart', 'LIST_BODYPART_LOGO', 'LIST_BODYPART', 'LIST_BODYPART_MINIGRAPH', 'LIST_BODYPART_LASTRECORD', 'statusBarBackground', 'navigationBarBackground', 'bodyTrackingDetailsToolbar', 'deleteButton', 'nameCardView', 'BODYPART_LOGO', 'BODYPART_NAME', 'valueTextView', 'buttonAdd', 'bodymeasureChart', 'EditorValueTitle', 'EditorValueDateInput', 'cardviewWeight', 'singlevalueinput_title', 'singlevalueinput_value', 'EditorValueInput', 'singlevalueinput_unitSpinner', 'text1', 'btn_cancel', 'btn_update']"
1430,"['MainActivity', 'NexusLauncherActivity']",['ProgramListFragment'],['drawer_itemName'],"['action_bar_root', 'content', 'drawer_layout', 'actionToolbar', 'imageProfile', 'action_chrono', 'fragment_container', 'newWorkout', 'searchField', 'statusBarBackground', 'navigationBarBackground', 'headerLayout', 'header_icon', 'drawerTitle', 'itemLayout', 'drawer_icon', 'drawer_itemName', 'parentPanel', 'topPanel', 'title_template', 'alertTitle', 'customPanel', 'custom', 'aerr_restart']"
1441,['MainActivity'],['MyListFragment'],"['edit_text', 'done_button']","['content', 'manage_container', 'toolbar_view', 'back_button', 'title_text_view', 'done_button', 'content_scroll_view', 'name_view', 'edit_text', 'fishing_spot_map', 'crosshairs', 'latitude_layout', 'longitude_layout', 'coordinate_refresh_button', 'action_bar_root', 'main_drawer', 'master_container', 'toolbar', 'action_confirm', 'icon_image_view', 'add_fishing_spot_view', 'primary_button', 'container', 'title_subtitle_view', 'subtitle_text_view', 'more_info_button', 'statusBarBackground', 'navigationBarBackground']"
1445,['MainActivity'],['ManageFragment'],"['button1', 'action_confirm']","['content', 'parentPanel', 'customPanel', 'custom', 'datePicker', 'date_picker_header', 'date_picker_header_year', 'date_picker_header_date', 'animator', 'date_picker_day_picker', 'day_picker_view_pager', 'month_view', 'prev', 'next', 'buttonPanel', 'button2', 'button1', 'action_bar_root', 'main_drawer', 'master_container', 'toolbar', 'action_confirm', 'manage_container', 'content_scroll_view', 'start_date_view', 'icon_image_view', 'primary_button', 'end_date_view', 'name_view', 'edit_text', 'catches_view', 'locations_view', 'anglers_view', 'notes_view', 'statusBarBackground', 'navigationBarBackground', 'topPanel', 'title_template', 'alertTitle', 'contentPanel', 'scrollView', 'message']"
1446,['MainActivity'],['ManageFragment'],"['edit_text', 'done_button']","['content', 'manage_container', 'toolbar_view', 'back_button', 'title_text_view', 'done_button', 'content_scroll_view', 'fishing_spot_map', 'crosshairs', 'latitude_layout', 'edit_text', 'longitude_layout', 'coordinate_refresh_button', 'action_bar_root', 'main_drawer', 'master_container', 'toolbar', 'action_confirm', 'name_view', 'icon_image_view', 'add_fishing_spot_view', 'primary_button', 'container', 'title_subtitle_view', 'subtitle_text_view', 'more_info_button', 'statusBarBackground', 'navigationBarBackground']"
1481,"['StoryActivity', 'FrontPageActivity']",['CommentsFragment'],[],"['action_bar_root', 'content', 'toolbar', 'action_share', 'tabs', 'pager', 'webview_layout', 'statusBarBackground', 'navigationBarBackground', 'front_page_layout', 'recycler_view', 'domain', 'title', 'score', 'commentCount', 'relativeTime', 'featureImageContainer', 'featureImage']"
1563,['FileActivity'],[],['title'],"['action_bar_root', 'content', 'drawer_layout', 'appBarLayout', 'toolbar', 'contextMenuButton', 'fileTitle', 'fileIcon', 'filePermissions', 'fileDate', 'fileSize', 'fab', 'navigationBarBackground', 'title']"
1568,[],[],['fileCheckBox'],"['action_bar_root', 'content', 'drawer_layout', 'appBarLayout', 'toolbar', 'fileCheckBox', 'fileTitle', 'fileIcon', 'filePermissions', 'fileDate', 'fab', 'statusBarBackground', 'navigationBarBackground', 'launcher', 'drag_layer', 'scrim_view', 'workspace', 'search_container_workspace', 'smartspace_content', 'clock', 'page_indicator', 'hotseat', 'apps_view', 'all_apps_header', 'search_container_all_apps', 'g_icon', 'mic_icon']"
1640,[],[],[],"['action_bar_root', 'content', 'app_bar', 'toolbar_layout', 'toolbar', 'fab']"
1641,[],[],['title'],"['action_bar_root', 'content', 'drawer_layout', 'toolbar', 'ScheduleFragment', 'list', 'ScheduleFragmentToolbar', 'fab', 'statusBarBackground', 'navigationBarBackground', 'title', 'nameTextEdit', 'trainSpinner', 'text1', 'repEdit', 'pauseEdit', 'setEdit', 'speedEdit']"
1645,[],[],"['AngleEdit', 'button1']","['content', 'parentPanel', 'customPanel', 'custom', 'exerciseName', 'seatCheckBox', 'SeatEdit', 'LegCheckBox', 'LegEdit', 'FootCheckBox', 'FootEdit', 'AngleCheckBox', 'AngleEdit', 'BackCheckBox', 'BackEdit', 'WeightCheckBox', 'WeightEdit', 'buttonPanel', 'button2', 'button1', 'topPanel', 'title_template', 'alertTitle', 'aerr_app_info', 'aerr_close']"
