"Bug Report ID","Ranks-unsorted (Query-Bug Report)","Ranks (Query-Bug Report)","Files (Query-Bug Report)","Ranks-unsorted (Query Replacement)","Ranks (Query Replacement)","Files (Query Replacement)","Ranks-unsorted (Query Expansion 1)","Ranks (Query Expansion 1)","Files (Query Expansion 1)"
"2","[4, 2]","[2, 4]","[/Users/sagelab/Documents/Projects/BugLocalization/BuggyProjects/bug-2/app/src/main/java/io/github/zwieback/familyfinance/business/chart/fragment/HorizontalBarChartFragment.java, /Users/sagelab/Documents/Projects/BugLocalization/BuggyProjects/bug-2/app/src/main/java/io/github/zwieback/familyfinance/business/chart/fragment/PieChartFragment.java]","[6, 11]","[6, 11]","[/Users/sagelab/Documents/Projects/BugLocalization/BuggyProjects/bug-2/app/src/main/java/io/github/zwieback/familyfinance/business/chart/fragment/HorizontalBarChartFragment.java, /Users/sagelab/Documents/Projects/BugLocalization/BuggyProjects/bug-2/app/src/main/java/io/github/zwieback/familyfinance/business/chart/fragment/PieChartFragment.java]","[4, 3]","[3, 4]","[/Users/sagelab/Documents/Projects/BugLocalization/BuggyProjects/bug-2/app/src/main/java/io/github/zwieback/familyfinance/business/chart/fragment/HorizontalBarChartFragment.java, /Users/sagelab/Documents/Projects/BugLocalization/BuggyProjects/bug-2/app/src/main/java/io/github/zwieback/familyfinance/business/chart/fragment/PieChartFragment.java]"
"8","[4]","[4]","[/Users/sagelab/Documents/Projects/BugLocalization/BuggyProjects/bug-8/app/src/main/java/de/koelle/christian/trickytripper/TrickyTripperActivity.java]","[3]","[3]","[/Users/sagelab/Documents/Projects/BugLocalization/BuggyProjects/bug-8/app/src/main/java/de/koelle/christian/trickytripper/TrickyTripperActivity.java]","[1]","[1]","[/Users/sagelab/Documents/Projects/BugLocalization/BuggyProjects/bug-8/app/src/main/java/de/koelle/christian/trickytripper/TrickyTripperActivity.java]"
"10","[2, 5, 3]","[2, 3, 5]","[/Users/sagelab/Documents/Projects/BugLocalization/BuggyProjects/bug-10/app/src/main/java/me/zhanghai/android/files/ftpserver/FtpServerService.java, /Users/sagelab/Documents/Projects/BugLocalization/BuggyProjects/bug-10/app/src/main/java/me/zhanghai/android/files/ftpserver/FtpServerReceiver.java, /Users/sagelab/Documents/Projects/BugLocalization/BuggyProjects/bug-10/app/src/main/java/me/zhanghai/android/files/ftpserver/FtpServerStatePreference.java]","[253, 84, 128]","[84, 128, 253]","[/Users/sagelab/Documents/Projects/BugLocalization/BuggyProjects/bug-10/app/src/main/java/me/zhanghai/android/files/ftpserver/FtpServerService.java, /Users/sagelab/Documents/Projects/BugLocalization/BuggyProjects/bug-10/app/src/main/java/me/zhanghai/android/files/ftpserver/FtpServerReceiver.java, /Users/sagelab/Documents/Projects/BugLocalization/BuggyProjects/bug-10/app/src/main/java/me/zhanghai/android/files/ftpserver/FtpServerStatePreference.java]","[19, 13, 15]","[13, 15, 19]","[/Users/sagelab/Documents/Projects/BugLocalization/BuggyProjects/bug-10/app/src/main/java/me/zhanghai/android/files/ftpserver/FtpServerService.java, /Users/sagelab/Documents/Projects/BugLocalization/BuggyProjects/bug-10/app/src/main/java/me/zhanghai/android/files/ftpserver/FtpServerReceiver.java, /Users/sagelab/Documents/Projects/BugLocalization/BuggyProjects/bug-10/app/src/main/java/me/zhanghai/android/files/ftpserver/FtpServerStatePreference.java]"
"11","[27, 20, 7, 29, 32, 39, 1]","[1, 7, 20, 27, 29, 32, 39]","[/Users/sagelab/Documents/Projects/BugLocalization/BuggyProjects/bug-11/app/src/main/java/com/droidheat/musicplayer/PlayActivity.java, /Users/sagelab/Documents/Projects/BugLocalization/BuggyProjects/bug-11/app/src/main/java/com/droidheat/musicplayer/MusicDockFragment.java, /Users/sagelab/Documents/Projects/BugLocalization/BuggyProjects/bug-11/app/src/main/java/com/droidheat/musicplayer/HomeFragment.java, /Users/sagelab/Documents/Projects/BugLocalization/BuggyProjects/bug-11/app/src/main/java/com/droidheat/musicplayer/SplashActivity.java, /Users/sagelab/Documents/Projects/BugLocalization/BuggyProjects/bug-11/app/src/main/java/com/droidheat/musicplayer/SongsManager.java, /Users/sagelab/Documents/Projects/BugLocalization/BuggyProjects/bug-11/app/src/main/java/com/droidheat/musicplayer/MusicPlayback.java, /Users/sagelab/Documents/Projects/BugLocalization/BuggyProjects/bug-11/app/src/main/java/com/droidheat/musicplayer/QueueFragment.java]","[11, 12, 9, 1, 6, 8, 18]","[1, 6, 8, 9, 11, 12, 18]","[/Users/sagelab/Documents/Projects/BugLocalization/BuggyProjects/bug-11/app/src/main/java/com/droidheat/musicplayer/PlayActivity.java, /Users/sagelab/Documents/Projects/BugLocalization/BuggyProjects/bug-11/app/src/main/java/com/droidheat/musicplayer/MusicDockFragment.java, /Users/sagelab/Documents/Projects/BugLocalization/BuggyProjects/bug-11/app/src/main/java/com/droidheat/musicplayer/HomeFragment.java, /Users/sagelab/Documents/Projects/BugLocalization/BuggyProjects/bug-11/app/src/main/java/com/droidheat/musicplayer/SplashActivity.java, /Users/sagelab/Documents/Projects/BugLocalization/BuggyProjects/bug-11/app/src/main/java/com/droidheat/musicplayer/SongsManager.java, /Users/sagelab/Documents/Projects/BugLocalization/BuggyProjects/bug-11/app/src/main/java/com/droidheat/musicplayer/MusicPlayback.java, /Users/sagelab/Documents/Projects/BugLocalization/BuggyProjects/bug-11/app/src/main/java/com/droidheat/musicplayer/QueueFragment.java]","[25, 21, 6, 22, 30, 38, 1]","[1, 6, 21, 22, 25, 30, 38]","[/Users/sagelab/Documents/Projects/BugLocalization/BuggyProjects/bug-11/app/src/main/java/com/droidheat/musicplayer/PlayActivity.java, /Users/sagelab/Documents/Projects/BugLocalization/BuggyProjects/bug-11/app/src/main/java/com/droidheat/musicplayer/MusicDockFragment.java, /Users/sagelab/Documents/Projects/BugLocalization/BuggyProjects/bug-11/app/src/main/java/com/droidheat/musicplayer/HomeFragment.java, /Users/sagelab/Documents/Projects/BugLocalization/BuggyProjects/bug-11/app/src/main/java/com/droidheat/musicplayer/SplashActivity.java, /Users/sagelab/Documents/Projects/BugLocalization/BuggyProjects/bug-11/app/src/main/java/com/droidheat/musicplayer/SongsManager.java, /Users/sagelab/Documents/Projects/BugLocalization/BuggyProjects/bug-11/app/src/main/java/com/droidheat/musicplayer/MusicPlayback.java, /Users/sagelab/Documents/Projects/BugLocalization/BuggyProjects/bug-11/app/src/main/java/com/droidheat/musicplayer/QueueFragment.java]"
"18","[7, 26, 1]","[1, 7, 26]","[/Users/sagelab/Documents/Projects/BugLocalization/BuggyProjects/bug-18/Calendula/src/main/java/es/usc/citius/servando/calendula/fragments/RoutineCreateOrEditFragment.java, /Users/sagelab/Documents/Projects/BugLocalization/BuggyProjects/bug-18/Calendula/src/main/java/es/usc/citius/servando/calendula/fragments/ScheduleTimetableFragment.java, /Users/sagelab/Documents/Projects/BugLocalization/BuggyProjects/bug-18/Calendula/src/main/java/es/usc/citius/servando/calendula/fragments/MedicineCreateOrEditFragment.java]","[52, 12, 1]","[1, 12, 52]","[/Users/sagelab/Documents/Projects/BugLocalization/BuggyProjects/bug-18/Calendula/src/main/java/es/usc/citius/servando/calendula/fragments/RoutineCreateOrEditFragment.java, /Users/sagelab/Documents/Projects/BugLocalization/BuggyProjects/bug-18/Calendula/src/main/java/es/usc/citius/servando/calendula/fragments/ScheduleTimetableFragment.java, /Users/sagelab/Documents/Projects/BugLocalization/BuggyProjects/bug-18/Calendula/src/main/java/es/usc/citius/servando/calendula/fragments/MedicineCreateOrEditFragment.java]","[21, 12, 1]","[1, 12, 21]","[/Users/sagelab/Documents/Projects/BugLocalization/BuggyProjects/bug-18/Calendula/src/main/java/es/usc/citius/servando/calendula/fragments/RoutineCreateOrEditFragment.java, /Users/sagelab/Documents/Projects/BugLocalization/BuggyProjects/bug-18/Calendula/src/main/java/es/usc/citius/servando/calendula/fragments/ScheduleTimetableFragment.java, /Users/sagelab/Documents/Projects/BugLocalization/BuggyProjects/bug-18/Calendula/src/main/java/es/usc/citius/servando/calendula/fragments/MedicineCreateOrEditFragment.java]"
"19","[11]","[11]","[/Users/sagelab/Documents/Projects/BugLocalization/BuggyProjects/bug-19/app/src/main/java/de/westnordost/streetcomplete/quests/housenumber/AddHousenumberForm.java]","[6]","[6]","[/Users/sagelab/Documents/Projects/BugLocalization/BuggyProjects/bug-19/app/src/main/java/de/westnordost/streetcomplete/quests/housenumber/AddHousenumberForm.java]","[3]","[3]","[/Users/sagelab/Documents/Projects/BugLocalization/BuggyProjects/bug-19/app/src/main/java/de/westnordost/streetcomplete/quests/housenumber/AddHousenumberForm.java]"
"44","[2]","[2]","[/Users/sagelab/Documents/Projects/BugLocalization/BuggyProjects/bug-44/omniNotes/src/main/java/it/feio/android/omninotes/utils/TagsHelper.java]","[47]","[47]","[/Users/sagelab/Documents/Projects/BugLocalization/BuggyProjects/bug-44/omniNotes/src/main/java/it/feio/android/omninotes/utils/TagsHelper.java]","[15]","[15]","[/Users/sagelab/Documents/Projects/BugLocalization/BuggyProjects/bug-44/omniNotes/src/main/java/it/feio/android/omninotes/utils/TagsHelper.java]"
"45","[13]","[13]","[/Users/sagelab/Documents/Projects/BugLocalization/BuggyProjects/bug-45/omniNotes/src/main/java/it.feio.android.omninotes.helpers/GeocodeProviderBaseFactory.java]","[106]","[106]","[/Users/sagelab/Documents/Projects/BugLocalization/BuggyProjects/bug-45/omniNotes/src/main/java/it.feio.android.omninotes.helpers/GeocodeProviderBaseFactory.java]","[36]","[36]","[/Users/sagelab/Documents/Projects/BugLocalization/BuggyProjects/bug-45/omniNotes/src/main/java/it.feio.android.omninotes.helpers/GeocodeProviderBaseFactory.java]"
"53","[1]","[1]","[/Users/sagelab/Documents/Projects/BugLocalization/BuggyProjects/bug-53/app/src/main/java/net/gsantner/markor/ui/NewFileDialog.java]","[16]","[16]","[/Users/sagelab/Documents/Projects/BugLocalization/BuggyProjects/bug-53/app/src/main/java/net/gsantner/markor/ui/NewFileDialog.java]","[8]","[8]","[/Users/sagelab/Documents/Projects/BugLocalization/BuggyProjects/bug-53/app/src/main/java/net/gsantner/markor/ui/NewFileDialog.java]"
"54","[35]","[35]","[/Users/sagelab/Documents/Projects/BugLocalization/BuggyProjects/bug-54/app/src/main/java/net/gsantner/markor/util/AppSettings.java]","[8]","[8]","[/Users/sagelab/Documents/Projects/BugLocalization/BuggyProjects/bug-54/app/src/main/java/net/gsantner/markor/util/AppSettings.java]","[9]","[9]","[/Users/sagelab/Documents/Projects/BugLocalization/BuggyProjects/bug-54/app/src/main/java/net/gsantner/markor/util/AppSettings.java]"
"55","[2, 5]","[2, 5]","[/Users/sagelab/Documents/Projects/BugLocalization/BuggyProjects/bug-55/app/src/main/java/com/fieldbook/tracker/traits/MultiCatTraitLayout.java, /Users/sagelab/Documents/Projects/BugLocalization/BuggyProjects/bug-55/app/src/main/java/com/fieldbook/tracker/traits/CategoricalTraitLayout.java]","[15, 9]","[9, 15]","[/Users/sagelab/Documents/Projects/BugLocalization/BuggyProjects/bug-55/app/src/main/java/com/fieldbook/tracker/traits/MultiCatTraitLayout.java, /Users/sagelab/Documents/Projects/BugLocalization/BuggyProjects/bug-55/app/src/main/java/com/fieldbook/tracker/traits/CategoricalTraitLayout.java]","[4, 7]","[4, 7]","[/Users/sagelab/Documents/Projects/BugLocalization/BuggyProjects/bug-55/app/src/main/java/com/fieldbook/tracker/traits/MultiCatTraitLayout.java, /Users/sagelab/Documents/Projects/BugLocalization/BuggyProjects/bug-55/app/src/main/java/com/fieldbook/tracker/traits/CategoricalTraitLayout.java]"
"56","[1]","[1]","[/Users/sagelab/Documents/Projects/BugLocalization/BuggyProjects/bug-56/app/src/main/java/com/fieldbook/tracker/traits/LabelPrintTraitLayout.java]","[2]","[2]","[/Users/sagelab/Documents/Projects/BugLocalization/BuggyProjects/bug-56/app/src/main/java/com/fieldbook/tracker/traits/LabelPrintTraitLayout.java]","[1]","[1]","[/Users/sagelab/Documents/Projects/BugLocalization/BuggyProjects/bug-56/app/src/main/java/com/fieldbook/tracker/traits/LabelPrintTraitLayout.java]"
"71","[2]","[2]","[/Users/sagelab/Documents/Projects/BugLocalization/BuggyProjects/bug-71/app/src/main/java/fr/neamar/kiss/forwarder/ExperienceTweaks.java]","[4]","[4]","[/Users/sagelab/Documents/Projects/BugLocalization/BuggyProjects/bug-71/app/src/main/java/fr/neamar/kiss/forwarder/ExperienceTweaks.java]","[4]","[4]","[/Users/sagelab/Documents/Projects/BugLocalization/BuggyProjects/bug-71/app/src/main/java/fr/neamar/kiss/forwarder/ExperienceTweaks.java]"
"76","[2, 1]","[1, 2]","[/Users/sagelab/Documents/Projects/BugLocalization/BuggyProjects/bug-76/app/src/main/java/com/genonbeta/TrebleShot/adapter/FileListAdapter.java, /Users/sagelab/Documents/Projects/BugLocalization/BuggyProjects/bug-76/app/src/main/java/com/genonbeta/TrebleShot/fragment/FileListFragment.java]","[37, 27]","[27, 37]","[/Users/sagelab/Documents/Projects/BugLocalization/BuggyProjects/bug-76/app/src/main/java/com/genonbeta/TrebleShot/adapter/FileListAdapter.java, /Users/sagelab/Documents/Projects/BugLocalization/BuggyProjects/bug-76/app/src/main/java/com/genonbeta/TrebleShot/fragment/FileListFragment.java]","[6, 3]","[3, 6]","[/Users/sagelab/Documents/Projects/BugLocalization/BuggyProjects/bug-76/app/src/main/java/com/genonbeta/TrebleShot/adapter/FileListAdapter.java, /Users/sagelab/Documents/Projects/BugLocalization/BuggyProjects/bug-76/app/src/main/java/com/genonbeta/TrebleShot/fragment/FileListFragment.java]"
"84","[9, 41]","[9, 41]","[/Users/sagelab/Documents/Projects/BugLocalization/BuggyProjects/bug-84/ultrasonic/src/main/java/org/moire/ultrasonic/util/Util.java, /Users/sagelab/Documents/Projects/BugLocalization/BuggyProjects/bug-84/ultrasonic/src/main/java/org/moire/ultrasonic/util/Constants.java]","[17, 53]","[17, 53]","[/Users/sagelab/Documents/Projects/BugLocalization/BuggyProjects/bug-84/ultrasonic/src/main/java/org/moire/ultrasonic/util/Util.java, /Users/sagelab/Documents/Projects/BugLocalization/BuggyProjects/bug-84/ultrasonic/src/main/java/org/moire/ultrasonic/util/Constants.java]","[8, 42]","[8, 42]","[/Users/sagelab/Documents/Projects/BugLocalization/BuggyProjects/bug-84/ultrasonic/src/main/java/org/moire/ultrasonic/util/Util.java, /Users/sagelab/Documents/Projects/BugLocalization/BuggyProjects/bug-84/ultrasonic/src/main/java/org/moire/ultrasonic/util/Constants.java]"
"87","[5]","[5]","[/Users/sagelab/Documents/Projects/BugLocalization/BuggyProjects/bug-87/ultrasonic/src/main/java/org/moire/ultrasonic/util/BackgroundTask.java]","[110]","[110]","[/Users/sagelab/Documents/Projects/BugLocalization/BuggyProjects/bug-87/ultrasonic/src/main/java/org/moire/ultrasonic/util/BackgroundTask.java]","[47]","[47]","[/Users/sagelab/Documents/Projects/BugLocalization/BuggyProjects/bug-87/ultrasonic/src/main/java/org/moire/ultrasonic/util/BackgroundTask.java]"
"92","[2]","[2]","[/Users/sagelab/Documents/Projects/BugLocalization/BuggyProjects/bug-92/app/src/main/java/com/vrem/wifianalyzer/vendor/model/VendorDB.java]","[81]","[81]","[/Users/sagelab/Documents/Projects/BugLocalization/BuggyProjects/bug-92/app/src/main/java/com/vrem/wifianalyzer/vendor/model/VendorDB.java]","[13]","[13]","[/Users/sagelab/Documents/Projects/BugLocalization/BuggyProjects/bug-92/app/src/main/java/com/vrem/wifianalyzer/vendor/model/VendorDB.java]"
"106","[97, 55]","[55, 97]","[/Users/sagelab/Documents/Projects/BugLocalization/BuggyProjects/bug-106/app/src/main/java/com/poupa/vinylmusicplayer/util/FileUtil.java, /Users/sagelab/Documents/Projects/BugLocalization/BuggyProjects/bug-106/app/src/main/java/com/poupa/vinylmusicplayer/loader/SongLoader.java]","[125, 128]","[125, 128]","[/Users/sagelab/Documents/Projects/BugLocalization/BuggyProjects/bug-106/app/src/main/java/com/poupa/vinylmusicplayer/util/FileUtil.java, /Users/sagelab/Documents/Projects/BugLocalization/BuggyProjects/bug-106/app/src/main/java/com/poupa/vinylmusicplayer/loader/SongLoader.java]","[109, 85]","[85, 109]","[/Users/sagelab/Documents/Projects/BugLocalization/BuggyProjects/bug-106/app/src/main/java/com/poupa/vinylmusicplayer/util/FileUtil.java, /Users/sagelab/Documents/Projects/BugLocalization/BuggyProjects/bug-106/app/src/main/java/com/poupa/vinylmusicplayer/loader/SongLoader.java]"
"110","[13]","[13]","[/Users/sagelab/Documents/Projects/BugLocalization/BuggyProjects/bug-110/app/src/main/java/com/poupa/vinylmusicplayer/provider/Discography.java]","[57]","[57]","[/Users/sagelab/Documents/Projects/BugLocalization/BuggyProjects/bug-110/app/src/main/java/com/poupa/vinylmusicplayer/provider/Discography.java]","[33]","[33]","[/Users/sagelab/Documents/Projects/BugLocalization/BuggyProjects/bug-110/app/src/main/java/com/poupa/vinylmusicplayer/provider/Discography.java]"
"117","[16]","[16]","[/Users/sagelab/Documents/Projects/BugLocalization/BuggyProjects/bug-117/app/src/main/java/openfoodfacts/github/scrachx/openfood/views/product/nutrition/NutritionProductFragment.java]","[11]","[11]","[/Users/sagelab/Documents/Projects/BugLocalization/BuggyProjects/bug-117/app/src/main/java/openfoodfacts/github/scrachx/openfood/views/product/nutrition/NutritionProductFragment.java]","[12]","[12]","[/Users/sagelab/Documents/Projects/BugLocalization/BuggyProjects/bug-117/app/src/main/java/openfoodfacts/github/scrachx/openfood/views/product/nutrition/NutritionProductFragment.java]"
"128","[5, 18, 7]","[5, 7, 18]","[/Users/sagelab/Documents/Projects/BugLocalization/BuggyProjects/bug-128/app/src/main/java/org/shadowice/flocke/andotp/Utilities/Settings.java, /Users/sagelab/Documents/Projects/BugLocalization/BuggyProjects/bug-128/app/src/main/java/org/shadowice/flocke/andotp/Activities/MainActivity.java, /Users/sagelab/Documents/Projects/BugLocalization/BuggyProjects/bug-128/app/src/main/java/org/shadowice/flocke/andotp/Activities/SettingsActivity.java]","[19, 2, 6]","[2, 6, 19]","[/Users/sagelab/Documents/Projects/BugLocalization/BuggyProjects/bug-128/app/src/main/java/org/shadowice/flocke/andotp/Utilities/Settings.java, /Users/sagelab/Documents/Projects/BugLocalization/BuggyProjects/bug-128/app/src/main/java/org/shadowice/flocke/andotp/Activities/MainActivity.java, /Users/sagelab/Documents/Projects/BugLocalization/BuggyProjects/bug-128/app/src/main/java/org/shadowice/flocke/andotp/Activities/SettingsActivity.java]","[9, 5, 2]","[2, 5, 9]","[/Users/sagelab/Documents/Projects/BugLocalization/BuggyProjects/bug-128/app/src/main/java/org/shadowice/flocke/andotp/Utilities/Settings.java, /Users/sagelab/Documents/Projects/BugLocalization/BuggyProjects/bug-128/app/src/main/java/org/shadowice/flocke/andotp/Activities/MainActivity.java, /Users/sagelab/Documents/Projects/BugLocalization/BuggyProjects/bug-128/app/src/main/java/org/shadowice/flocke/andotp/Activities/SettingsActivity.java]"
"129","[4]","[4]","[/Users/sagelab/Documents/Projects/BugLocalization/BuggyProjects/bug-129/app/src/main/java/org/shadowice/flocke/andotp/Dialogs/ManualEntryDialog.java]","[1]","[1]","[/Users/sagelab/Documents/Projects/BugLocalization/BuggyProjects/bug-129/app/src/main/java/org/shadowice/flocke/andotp/Dialogs/ManualEntryDialog.java]","[2]","[2]","[/Users/sagelab/Documents/Projects/BugLocalization/BuggyProjects/bug-129/app/src/main/java/org/shadowice/flocke/andotp/Dialogs/ManualEntryDialog.java]"
"130","[1]","[1]","[/Users/sagelab/Documents/Projects/BugLocalization/BuggyProjects/bug-130/app/src/main/java/org/shadowice/flocke/andotp/Activities/IntroScreenActivity.java]","[1]","[1]","[/Users/sagelab/Documents/Projects/BugLocalization/BuggyProjects/bug-130/app/src/main/java/org/shadowice/flocke/andotp/Activities/IntroScreenActivity.java]","[1]","[1]","[/Users/sagelab/Documents/Projects/BugLocalization/BuggyProjects/bug-130/app/src/main/java/org/shadowice/flocke/andotp/Activities/IntroScreenActivity.java]"
"135","[5, 69, 18, 79]","[5, 18, 69, 79]","[/Users/sagelab/Documents/Projects/BugLocalization/BuggyProjects/bug-135/app/src/main/java/fr/free/nrw/commons/category/SubCategoryListFragment.java, /Users/sagelab/Documents/Projects/BugLocalization/BuggyProjects/bug-135/app/src/main/java/fr/free/nrw/commons/explore/categories/SearchCategoriesRenderer.java, /Users/sagelab/Documents/Projects/BugLocalization/BuggyProjects/bug-135/app/src/main/java/fr/free/nrw/commons/explore/categories/SearchCategoryFragment.java, /Users/sagelab/Documents/Projects/BugLocalization/BuggyProjects/bug-135/app/src/main/java/fr/free/nrw/commons/explore/categories/SearchCategoriesAdapterFactory.java]","[8, 53, 10, 38]","[8, 10, 38, 53]","[/Users/sagelab/Documents/Projects/BugLocalization/BuggyProjects/bug-135/app/src/main/java/fr/free/nrw/commons/category/SubCategoryListFragment.java, /Users/sagelab/Documents/Projects/BugLocalization/BuggyProjects/bug-135/app/src/main/java/fr/free/nrw/commons/explore/categories/SearchCategoriesRenderer.java, /Users/sagelab/Documents/Projects/BugLocalization/BuggyProjects/bug-135/app/src/main/java/fr/free/nrw/commons/explore/categories/SearchCategoryFragment.java, /Users/sagelab/Documents/Projects/BugLocalization/BuggyProjects/bug-135/app/src/main/java/fr/free/nrw/commons/explore/categories/SearchCategoriesAdapterFactory.java]","[6, 52, 10, 39]","[6, 10, 39, 52]","[/Users/sagelab/Documents/Projects/BugLocalization/BuggyProjects/bug-135/app/src/main/java/fr/free/nrw/commons/category/SubCategoryListFragment.java, /Users/sagelab/Documents/Projects/BugLocalization/BuggyProjects/bug-135/app/src/main/java/fr/free/nrw/commons/explore/categories/SearchCategoriesRenderer.java, /Users/sagelab/Documents/Projects/BugLocalization/BuggyProjects/bug-135/app/src/main/java/fr/free/nrw/commons/explore/categories/SearchCategoryFragment.java, /Users/sagelab/Documents/Projects/BugLocalization/BuggyProjects/bug-135/app/src/main/java/fr/free/nrw/commons/explore/categories/SearchCategoriesAdapterFactory.java]"
"158","[2, 1]","[1, 2]","[/Users/sagelab/Documents/Projects/BugLocalization/BuggyProjects/bug-158/AnkiDroid/src/main/java/com/ichi2/anki/AbstractFlashcardViewer.java, /Users/sagelab/Documents/Projects/BugLocalization/BuggyProjects/bug-158/AnkiDroid/src/main/java/com/ichi2/themes/Themes.java]","[1, 143]","[1, 143]","[/Users/sagelab/Documents/Projects/BugLocalization/BuggyProjects/bug-158/AnkiDroid/src/main/java/com/ichi2/anki/AbstractFlashcardViewer.java, /Users/sagelab/Documents/Projects/BugLocalization/BuggyProjects/bug-158/AnkiDroid/src/main/java/com/ichi2/themes/Themes.java]","[1, 64]","[1, 64]","[/Users/sagelab/Documents/Projects/BugLocalization/BuggyProjects/bug-158/AnkiDroid/src/main/java/com/ichi2/anki/AbstractFlashcardViewer.java, /Users/sagelab/Documents/Projects/BugLocalization/BuggyProjects/bug-158/AnkiDroid/src/main/java/com/ichi2/themes/Themes.java]"
"159","[4]","[4]","[/Users/sagelab/Documents/Projects/BugLocalization/BuggyProjects/bug-159/AnkiDroid/src/main/java/com/ichi2/anki/CardBrowser.java]","[2]","[2]","[/Users/sagelab/Documents/Projects/BugLocalization/BuggyProjects/bug-159/AnkiDroid/src/main/java/com/ichi2/anki/CardBrowser.java]","[2]","[2]","[/Users/sagelab/Documents/Projects/BugLocalization/BuggyProjects/bug-159/AnkiDroid/src/main/java/com/ichi2/anki/CardBrowser.java]"
"160","[4]","[4]","[/Users/sagelab/Documents/Projects/BugLocalization/BuggyProjects/bug-160/AnkiDroid/src/main/java/com/ichi2/anki/Reviewer.java]","[2]","[2]","[/Users/sagelab/Documents/Projects/BugLocalization/BuggyProjects/bug-160/AnkiDroid/src/main/java/com/ichi2/anki/Reviewer.java]","[2]","[2]","[/Users/sagelab/Documents/Projects/BugLocalization/BuggyProjects/bug-160/AnkiDroid/src/main/java/com/ichi2/anki/Reviewer.java]"
"162","[5]","[5]","[/Users/sagelab/Documents/Projects/BugLocalization/BuggyProjects/bug-162/k9mail/src/main/java/com/fsck/k9/activity/setup/AccountSetupBasics.java]","[7]","[7]","[/Users/sagelab/Documents/Projects/BugLocalization/BuggyProjects/bug-162/k9mail/src/main/java/com/fsck/k9/activity/setup/AccountSetupBasics.java]","[3]","[3]","[/Users/sagelab/Documents/Projects/BugLocalization/BuggyProjects/bug-162/k9mail/src/main/java/com/fsck/k9/activity/setup/AccountSetupBasics.java]"
"168","[144]","[144]","[/Users/sagelab/Documents/Projects/BugLocalization/BuggyProjects/bug-168/main/src/cgeo/geocaching/maps/MapProviderFactory.java]","[172]","[172]","[/Users/sagelab/Documents/Projects/BugLocalization/BuggyProjects/bug-168/main/src/cgeo/geocaching/maps/MapProviderFactory.java]","[137]","[137]","[/Users/sagelab/Documents/Projects/BugLocalization/BuggyProjects/bug-168/main/src/cgeo/geocaching/maps/MapProviderFactory.java]"
"191","[3, 1]","[1, 3]","[/Users/sagelab/Documents/Projects/BugLocalization/BuggyProjects/bug-191/app/src/main/java/ch/logixisland/anuto/business/control/TowerInserter.java, /Users/sagelab/Documents/Projects/BugLocalization/BuggyProjects/bug-191/app/src/main/java/ch/logixisland/anuto/view/game/TowerView.java]","[14, 10]","[10, 14]","[/Users/sagelab/Documents/Projects/BugLocalization/BuggyProjects/bug-191/app/src/main/java/ch/logixisland/anuto/business/control/TowerInserter.java, /Users/sagelab/Documents/Projects/BugLocalization/BuggyProjects/bug-191/app/src/main/java/ch/logixisland/anuto/view/game/TowerView.java]","[13, 3]","[3, 13]","[/Users/sagelab/Documents/Projects/BugLocalization/BuggyProjects/bug-191/app/src/main/java/ch/logixisland/anuto/business/control/TowerInserter.java, /Users/sagelab/Documents/Projects/BugLocalization/BuggyProjects/bug-191/app/src/main/java/ch/logixisland/anuto/view/game/TowerView.java]"
"192","[28]","[28]","[/Users/sagelab/Documents/Projects/BugLocalization/BuggyProjects/bug-192/app/src/main/java/net/gsantner/markor/activity/DocumentEditFragment.java]","[2]","[2]","[/Users/sagelab/Documents/Projects/BugLocalization/BuggyProjects/bug-192/app/src/main/java/net/gsantner/markor/activity/DocumentEditFragment.java]","[3]","[3]","[/Users/sagelab/Documents/Projects/BugLocalization/BuggyProjects/bug-192/app/src/main/java/net/gsantner/markor/activity/DocumentEditFragment.java]"
"193","[4, 1, 7]","[1, 4, 7]","[/Users/sagelab/Documents/Projects/BugLocalization/BuggyProjects/bug-193/mobile/src/main/java/com/alexstyl/specialdates/contact/Birthday.java, /Users/sagelab/Documents/Projects/BugLocalization/BuggyProjects/bug-193/mobile/src/main/java/com/alexstyl/specialdates/addevent/ui/BirthdayDatePicker.java, /Users/sagelab/Documents/Projects/BugLocalization/BuggyProjects/bug-193/mobile/src/main/java/com/alexstyl/specialdates/addevent/BirthdayPickerDialog.java]","[74, 13, 4]","[4, 13, 74]","[/Users/sagelab/Documents/Projects/BugLocalization/BuggyProjects/bug-193/mobile/src/main/java/com/alexstyl/specialdates/contact/Birthday.java, /Users/sagelab/Documents/Projects/BugLocalization/BuggyProjects/bug-193/mobile/src/main/java/com/alexstyl/specialdates/addevent/ui/BirthdayDatePicker.java, /Users/sagelab/Documents/Projects/BugLocalization/BuggyProjects/bug-193/mobile/src/main/java/com/alexstyl/specialdates/addevent/BirthdayPickerDialog.java]","[15, 2, 4]","[2, 4, 15]","[/Users/sagelab/Documents/Projects/BugLocalization/BuggyProjects/bug-193/mobile/src/main/java/com/alexstyl/specialdates/contact/Birthday.java, /Users/sagelab/Documents/Projects/BugLocalization/BuggyProjects/bug-193/mobile/src/main/java/com/alexstyl/specialdates/addevent/ui/BirthdayDatePicker.java, /Users/sagelab/Documents/Projects/BugLocalization/BuggyProjects/bug-193/mobile/src/main/java/com/alexstyl/specialdates/addevent/BirthdayPickerDialog.java]"
"199","[1]","[1]","[/Users/sagelab/Documents/Projects/BugLocalization/BuggyProjects/bug-199/iNaturalist/src/main/java/org/inaturalist/android/ObservationListActivity.java]","[10]","[10]","[/Users/sagelab/Documents/Projects/BugLocalization/BuggyProjects/bug-199/iNaturalist/src/main/java/org/inaturalist/android/ObservationListActivity.java]","[7]","[7]","[/Users/sagelab/Documents/Projects/BugLocalization/BuggyProjects/bug-199/iNaturalist/src/main/java/org/inaturalist/android/ObservationListActivity.java]"
"200","[1]","[1]","[/Users/sagelab/Documents/Projects/BugLocalization/BuggyProjects/bug-200/iNaturalist/src/main/java/org/inaturalist/android/ObservationListActivity.java]","[4]","[4]","[/Users/sagelab/Documents/Projects/BugLocalization/BuggyProjects/bug-200/iNaturalist/src/main/java/org/inaturalist/android/ObservationListActivity.java]","[3]","[3]","[/Users/sagelab/Documents/Projects/BugLocalization/BuggyProjects/bug-200/iNaturalist/src/main/java/org/inaturalist/android/ObservationListActivity.java]"
"201","[2]","[2]","[/Users/sagelab/Documents/Projects/BugLocalization/BuggyProjects/bug-201/iNaturalist/src/main/java/org/inaturalist/android/ObservationListActivity.java]","[6]","[6]","[/Users/sagelab/Documents/Projects/BugLocalization/BuggyProjects/bug-201/iNaturalist/src/main/java/org/inaturalist/android/ObservationListActivity.java]","[5]","[5]","[/Users/sagelab/Documents/Projects/BugLocalization/BuggyProjects/bug-201/iNaturalist/src/main/java/org/inaturalist/android/ObservationListActivity.java]"
"206","[11]","[11]","[/Users/sagelab/Documents/Projects/BugLocalization/BuggyProjects/bug-206/app/src/main/java/org/gnucash/android/ui/settings/BookManagerFragment.java]","[4]","[4]","[/Users/sagelab/Documents/Projects/BugLocalization/BuggyProjects/bug-206/app/src/main/java/org/gnucash/android/ui/settings/BookManagerFragment.java]","[3]","[3]","[/Users/sagelab/Documents/Projects/BugLocalization/BuggyProjects/bug-206/app/src/main/java/org/gnucash/android/ui/settings/BookManagerFragment.java]"
"209","[1]","[1]","[/Users/sagelab/Documents/Projects/BugLocalization/BuggyProjects/bug-209/app/src/main/java/org/gnucash/android/ui/util/widget/CalculatorEditText.java]","[20]","[20]","[/Users/sagelab/Documents/Projects/BugLocalization/BuggyProjects/bug-209/app/src/main/java/org/gnucash/android/ui/util/widget/CalculatorEditText.java]","[7]","[7]","[/Users/sagelab/Documents/Projects/BugLocalization/BuggyProjects/bug-209/app/src/main/java/org/gnucash/android/ui/util/widget/CalculatorEditText.java]"
"227","[3, 11, 2, 52, 10, 6, 14]","[2, 3, 6, 10, 11, 14, 52]","[/Users/sagelab/Documents/Projects/BugLocalization/BuggyProjects/bug-227/app/src/main/java/org/gnucash/android/ui/transaction/TransactionFormFragment.java, /Users/sagelab/Documents/Projects/BugLocalization/BuggyProjects/bug-227/app/src/main/java/org/gnucash/android/ui/transaction/SplitEditorFragment.java, /Users/sagelab/Documents/Projects/BugLocalization/BuggyProjects/bug-227/app/src/main/java/org/gnucash/android/importer/GncXmlHandler.java, /Users/sagelab/Documents/Projects/BugLocalization/BuggyProjects/bug-227/app/src/main/java/org/gnucash/android/receivers/TransactionRecorder.java, /Users/sagelab/Documents/Projects/BugLocalization/BuggyProjects/bug-227/app/src/main/java/org/gnucash/android/model/Split.java, /Users/sagelab/Documents/Projects/BugLocalization/BuggyProjects/bug-227/app/src/main/java/org/gnucash/android/model/Transaction.java, /Users/sagelab/Documents/Projects/BugLocalization/BuggyProjects/bug-227/app/src/main/java/org/gnucash/android/db/adapter/AccountsDbAdapter.java]","[1, 5, 31, 63, 50, 37, 36]","[1, 5, 31, 36, 37, 50, 63]","[/Users/sagelab/Documents/Projects/BugLocalization/BuggyProjects/bug-227/app/src/main/java/org/gnucash/android/ui/transaction/TransactionFormFragment.java, /Users/sagelab/Documents/Projects/BugLocalization/BuggyProjects/bug-227/app/src/main/java/org/gnucash/android/ui/transaction/SplitEditorFragment.java, /Users/sagelab/Documents/Projects/BugLocalization/BuggyProjects/bug-227/app/src/main/java/org/gnucash/android/importer/GncXmlHandler.java, /Users/sagelab/Documents/Projects/BugLocalization/BuggyProjects/bug-227/app/src/main/java/org/gnucash/android/receivers/TransactionRecorder.java, /Users/sagelab/Documents/Projects/BugLocalization/BuggyProjects/bug-227/app/src/main/java/org/gnucash/android/model/Split.java, /Users/sagelab/Documents/Projects/BugLocalization/BuggyProjects/bug-227/app/src/main/java/org/gnucash/android/model/Transaction.java, /Users/sagelab/Documents/Projects/BugLocalization/BuggyProjects/bug-227/app/src/main/java/org/gnucash/android/db/adapter/AccountsDbAdapter.java]","[1, 5, 22, 59, 38, 25, 28]","[1, 5, 22, 25, 28, 38, 59]","[/Users/sagelab/Documents/Projects/BugLocalization/BuggyProjects/bug-227/app/src/main/java/org/gnucash/android/ui/transaction/TransactionFormFragment.java, /Users/sagelab/Documents/Projects/BugLocalization/BuggyProjects/bug-227/app/src/main/java/org/gnucash/android/ui/transaction/SplitEditorFragment.java, /Users/sagelab/Documents/Projects/BugLocalization/BuggyProjects/bug-227/app/src/main/java/org/gnucash/android/importer/GncXmlHandler.java, /Users/sagelab/Documents/Projects/BugLocalization/BuggyProjects/bug-227/app/src/main/java/org/gnucash/android/receivers/TransactionRecorder.java, /Users/sagelab/Documents/Projects/BugLocalization/BuggyProjects/bug-227/app/src/main/java/org/gnucash/android/model/Split.java, /Users/sagelab/Documents/Projects/BugLocalization/BuggyProjects/bug-227/app/src/main/java/org/gnucash/android/model/Transaction.java, /Users/sagelab/Documents/Projects/BugLocalization/BuggyProjects/bug-227/app/src/main/java/org/gnucash/android/db/adapter/AccountsDbAdapter.java]"
"248","[1]","[1]","[/Users/sagelab/Documents/Projects/BugLocalization/BuggyProjects/bug-248/collect_app/src/main/java/org/odk/collect/android/preferences/GeneralPreferencesFragment.java]","[137]","[137]","[/Users/sagelab/Documents/Projects/BugLocalization/BuggyProjects/bug-248/collect_app/src/main/java/org/odk/collect/android/preferences/GeneralPreferencesFragment.java]","[1]","[1]","[/Users/sagelab/Documents/Projects/BugLocalization/BuggyProjects/bug-248/collect_app/src/main/java/org/odk/collect/android/preferences/GeneralPreferencesFragment.java]"
"256","[13]","[13]","[/Users/sagelab/Documents/Projects/BugLocalization/BuggyProjects/bug-256/app/src/main/java/org/gnucash/android/ui/account/AccountsListFragment.java]","[3]","[3]","[/Users/sagelab/Documents/Projects/BugLocalization/BuggyProjects/bug-256/app/src/main/java/org/gnucash/android/ui/account/AccountsListFragment.java]","[4]","[4]","[/Users/sagelab/Documents/Projects/BugLocalization/BuggyProjects/bug-256/app/src/main/java/org/gnucash/android/ui/account/AccountsListFragment.java]"
"271","[17]","[17]","[/Users/sagelab/Documents/Projects/BugLocalization/BuggyProjects/bug-271/app/src/main/java/com/beemdevelopment/aegis/ui/views/TotpProgressBar.java]","[31]","[31]","[/Users/sagelab/Documents/Projects/BugLocalization/BuggyProjects/bug-271/app/src/main/java/com/beemdevelopment/aegis/ui/views/TotpProgressBar.java]","[17]","[17]","[/Users/sagelab/Documents/Projects/BugLocalization/BuggyProjects/bug-271/app/src/main/java/com/beemdevelopment/aegis/ui/views/TotpProgressBar.java]"
"275","[3, 1]","[1, 3]","[/Users/sagelab/Documents/Projects/BugLocalization/BuggyProjects/bug-275/app/src/main/java/com/beemdevelopment/aegis/ui/Dialogs.java, /Users/sagelab/Documents/Projects/BugLocalization/BuggyProjects/bug-275/app/src/main/java/com/beemdevelopment/aegis/ui/slides/CustomAuthenticatedSlide.java]","[3, 1]","[1, 3]","[/Users/sagelab/Documents/Projects/BugLocalization/BuggyProjects/bug-275/app/src/main/java/com/beemdevelopment/aegis/ui/Dialogs.java, /Users/sagelab/Documents/Projects/BugLocalization/BuggyProjects/bug-275/app/src/main/java/com/beemdevelopment/aegis/ui/slides/CustomAuthenticatedSlide.java]","[3, 1]","[1, 3]","[/Users/sagelab/Documents/Projects/BugLocalization/BuggyProjects/bug-275/app/src/main/java/com/beemdevelopment/aegis/ui/Dialogs.java, /Users/sagelab/Documents/Projects/BugLocalization/BuggyProjects/bug-275/app/src/main/java/com/beemdevelopment/aegis/ui/slides/CustomAuthenticatedSlide.java]"
"1028","[46]","[46]","[/Users/sagelab/Documents/Projects/BugLocalization/BuggyProjects/bug-1028/AnkiDroid/src/main/java/com/ichi2/anki/web/HttpFetcher.java]","[145]","[145]","[/Users/sagelab/Documents/Projects/BugLocalization/BuggyProjects/bug-1028/AnkiDroid/src/main/java/com/ichi2/anki/web/HttpFetcher.java]","[108]","[108]","[/Users/sagelab/Documents/Projects/BugLocalization/BuggyProjects/bug-1028/AnkiDroid/src/main/java/com/ichi2/anki/web/HttpFetcher.java]"
"1073","[1]","[1]","[/Users/sagelab/Documents/Projects/BugLocalization/BuggyProjects/bug-1073/app/src/main/java/org/mozilla/focus/browser/LocalizedContent.java]","[58]","[58]","[/Users/sagelab/Documents/Projects/BugLocalization/BuggyProjects/bug-1073/app/src/main/java/org/mozilla/focus/browser/LocalizedContent.java]","[6]","[6]","[/Users/sagelab/Documents/Projects/BugLocalization/BuggyProjects/bug-1073/app/src/main/java/org/mozilla/focus/browser/LocalizedContent.java]"
"1089","[3]","[3]","[/Users/sagelab/Documents/Projects/BugLocalization/BuggyProjects/bug-1089/app/src/main/java/com/chess/clock/fragments/TimeControlFragment.java]","[1]","[1]","[/Users/sagelab/Documents/Projects/BugLocalization/BuggyProjects/bug-1089/app/src/main/java/com/chess/clock/fragments/TimeControlFragment.java]","[1]","[1]","[/Users/sagelab/Documents/Projects/BugLocalization/BuggyProjects/bug-1089/app/src/main/java/com/chess/clock/fragments/TimeControlFragment.java]"
"1096","[3]","[3]","[/Users/sagelab/Documents/Projects/BugLocalization/BuggyProjects/bug-1096/iNaturalist/src/main/java/org/inaturalist/android/RecordSoundActivity.java]","[1]","[1]","[/Users/sagelab/Documents/Projects/BugLocalization/BuggyProjects/bug-1096/iNaturalist/src/main/java/org/inaturalist/android/RecordSoundActivity.java]","[1]","[1]","[/Users/sagelab/Documents/Projects/BugLocalization/BuggyProjects/bug-1096/iNaturalist/src/main/java/org/inaturalist/android/RecordSoundActivity.java]"
"1130","[1, 9]","[1, 9]","[/Users/sagelab/Documents/Projects/BugLocalization/BuggyProjects/bug-1130/app/src/main/java/de/danoeh/antennapod/fragment/AllEpisodesFragment.java, /Users/sagelab/Documents/Projects/BugLocalization/BuggyProjects/bug-1130/app/src/main/java/de/danoeh/antennapod/fragment/QueueFragment.java]","[18, 2]","[2, 18]","[/Users/sagelab/Documents/Projects/BugLocalization/BuggyProjects/bug-1130/app/src/main/java/de/danoeh/antennapod/fragment/AllEpisodesFragment.java, /Users/sagelab/Documents/Projects/BugLocalization/BuggyProjects/bug-1130/app/src/main/java/de/danoeh/antennapod/fragment/QueueFragment.java]","[4, 2]","[2, 4]","[/Users/sagelab/Documents/Projects/BugLocalization/BuggyProjects/bug-1130/app/src/main/java/de/danoeh/antennapod/fragment/AllEpisodesFragment.java, /Users/sagelab/Documents/Projects/BugLocalization/BuggyProjects/bug-1130/app/src/main/java/de/danoeh/antennapod/fragment/QueueFragment.java]"
"1146","[1]","[1]","[/Users/sagelab/Documents/Projects/BugLocalization/BuggyProjects/bug-1146/GPSTest/src/main/java/com/android/gpstest/GpsStatusFragment.java]","[1]","[1]","[/Users/sagelab/Documents/Projects/BugLocalization/BuggyProjects/bug-1146/GPSTest/src/main/java/com/android/gpstest/GpsStatusFragment.java]","[1]","[1]","[/Users/sagelab/Documents/Projects/BugLocalization/BuggyProjects/bug-1146/GPSTest/src/main/java/com/android/gpstest/GpsStatusFragment.java]"
"1147","[1]","[1]","[/Users/sagelab/Documents/Projects/BugLocalization/BuggyProjects/bug-1147/GPSTest/src/main/java/com/android/gpstest/NavigationDrawerFragment.java]","[4]","[4]","[/Users/sagelab/Documents/Projects/BugLocalization/BuggyProjects/bug-1147/GPSTest/src/main/java/com/android/gpstest/NavigationDrawerFragment.java]","[1]","[1]","[/Users/sagelab/Documents/Projects/BugLocalization/BuggyProjects/bug-1147/GPSTest/src/main/java/com/android/gpstest/NavigationDrawerFragment.java]"
"1150","[3]","[3]","[/Users/sagelab/Documents/Projects/BugLocalization/BuggyProjects/bug-1150/GPSTest/src/main/java/com/android/gpstest/HelpActivity.java]","[15]","[15]","[/Users/sagelab/Documents/Projects/BugLocalization/BuggyProjects/bug-1150/GPSTest/src/main/java/com/android/gpstest/HelpActivity.java]","[11]","[11]","[/Users/sagelab/Documents/Projects/BugLocalization/BuggyProjects/bug-1150/GPSTest/src/main/java/com/android/gpstest/HelpActivity.java]"
"1151","[3, 1]","[1, 3]","[/Users/sagelab/Documents/Projects/BugLocalization/BuggyProjects/bug-1151/GPSTest/src/main/java/com/android/gpstest/Preferences.java, /Users/sagelab/Documents/Projects/BugLocalization/BuggyProjects/bug-1151/GPSTest/src/main/java/com/android/gpstest/GpsTestActivity.java]","[2, 3]","[2, 3]","[/Users/sagelab/Documents/Projects/BugLocalization/BuggyProjects/bug-1151/GPSTest/src/main/java/com/android/gpstest/Preferences.java, /Users/sagelab/Documents/Projects/BugLocalization/BuggyProjects/bug-1151/GPSTest/src/main/java/com/android/gpstest/GpsTestActivity.java]","[3, 1]","[1, 3]","[/Users/sagelab/Documents/Projects/BugLocalization/BuggyProjects/bug-1151/GPSTest/src/main/java/com/android/gpstest/Preferences.java, /Users/sagelab/Documents/Projects/BugLocalization/BuggyProjects/bug-1151/GPSTest/src/main/java/com/android/gpstest/GpsTestActivity.java]"
"1198","[3]","[3]","[/Users/sagelab/Documents/Projects/BugLocalization/BuggyProjects/bug-1198/app/src/main/java/swati4star/createpdf/adapter/ViewFilesAdapter.java]","[3]","[3]","[/Users/sagelab/Documents/Projects/BugLocalization/BuggyProjects/bug-1198/app/src/main/java/swati4star/createpdf/adapter/ViewFilesAdapter.java]","[2]","[2]","[/Users/sagelab/Documents/Projects/BugLocalization/BuggyProjects/bug-1198/app/src/main/java/swati4star/createpdf/adapter/ViewFilesAdapter.java]"
"1202","[1]","[1]","[/Users/sagelab/Documents/Projects/BugLocalization/BuggyProjects/bug-1202/app/src/main/java/swati4star/createpdf/activity/ImageEditor.java]","[1]","[1]","[/Users/sagelab/Documents/Projects/BugLocalization/BuggyProjects/bug-1202/app/src/main/java/swati4star/createpdf/activity/ImageEditor.java]","[1]","[1]","[/Users/sagelab/Documents/Projects/BugLocalization/BuggyProjects/bug-1202/app/src/main/java/swati4star/createpdf/activity/ImageEditor.java]"
"1205","[1, 15, 3, 8, 13, 5, 6, 11]","[1, 3, 5, 6, 8, 11, 13, 15]","[/Users/sagelab/Documents/Projects/BugLocalization/BuggyProjects/bug-1205/app/src/main/java/swati4star/createpdf/activity/MainActivity.java, /Users/sagelab/Documents/Projects/BugLocalization/BuggyProjects/bug-1205/app/src/main/java/swati4star/createpdf/fragment/RemoveDuplicatePagesFragment.java, /Users/sagelab/Documents/Projects/BugLocalization/BuggyProjects/bug-1205/app/src/main/java/swati4star/createpdf/fragment/PdfToImageFragment.java, /Users/sagelab/Documents/Projects/BugLocalization/BuggyProjects/bug-1205/app/src/main/java/swati4star/createpdf/fragment/SplitFilesFragment.java, /Users/sagelab/Documents/Projects/BugLocalization/BuggyProjects/bug-1205/app/src/main/java/swati4star/createpdf/fragment/AddImagesFragment.java, /Users/sagelab/Documents/Projects/BugLocalization/BuggyProjects/bug-1205/app/src/main/java/swati4star/createpdf/fragment/RemovePagesFragment.java, /Users/sagelab/Documents/Projects/BugLocalization/BuggyProjects/bug-1205/app/src/main/java/swati4star/createpdf/fragment/MergeFilesFragment.java, /Users/sagelab/Documents/Projects/BugLocalization/BuggyProjects/bug-1205/app/src/main/java/swati4star/createpdf/fragment/InvertPdfFragment.java]","[3, 11, 5, 15, 16, 8, 1, 12]","[1, 3, 5, 8, 11, 12, 15, 16]","[/Users/sagelab/Documents/Projects/BugLocalization/BuggyProjects/bug-1205/app/src/main/java/swati4star/createpdf/activity/MainActivity.java, /Users/sagelab/Documents/Projects/BugLocalization/BuggyProjects/bug-1205/app/src/main/java/swati4star/createpdf/fragment/RemoveDuplicatePagesFragment.java, /Users/sagelab/Documents/Projects/BugLocalization/BuggyProjects/bug-1205/app/src/main/java/swati4star/createpdf/fragment/PdfToImageFragment.java, /Users/sagelab/Documents/Projects/BugLocalization/BuggyProjects/bug-1205/app/src/main/java/swati4star/createpdf/fragment/SplitFilesFragment.java, /Users/sagelab/Documents/Projects/BugLocalization/BuggyProjects/bug-1205/app/src/main/java/swati4star/createpdf/fragment/AddImagesFragment.java, /Users/sagelab/Documents/Projects/BugLocalization/BuggyProjects/bug-1205/app/src/main/java/swati4star/createpdf/fragment/RemovePagesFragment.java, /Users/sagelab/Documents/Projects/BugLocalization/BuggyProjects/bug-1205/app/src/main/java/swati4star/createpdf/fragment/MergeFilesFragment.java, /Users/sagelab/Documents/Projects/BugLocalization/BuggyProjects/bug-1205/app/src/main/java/swati4star/createpdf/fragment/InvertPdfFragment.java]","[1, 13, 4, 11, 14, 7, 2, 12]","[1, 2, 4, 7, 11, 12, 13, 14]","[/Users/sagelab/Documents/Projects/BugLocalization/BuggyProjects/bug-1205/app/src/main/java/swati4star/createpdf/activity/MainActivity.java, /Users/sagelab/Documents/Projects/BugLocalization/BuggyProjects/bug-1205/app/src/main/java/swati4star/createpdf/fragment/RemoveDuplicatePagesFragment.java, /Users/sagelab/Documents/Projects/BugLocalization/BuggyProjects/bug-1205/app/src/main/java/swati4star/createpdf/fragment/PdfToImageFragment.java, /Users/sagelab/Documents/Projects/BugLocalization/BuggyProjects/bug-1205/app/src/main/java/swati4star/createpdf/fragment/SplitFilesFragment.java, /Users/sagelab/Documents/Projects/BugLocalization/BuggyProjects/bug-1205/app/src/main/java/swati4star/createpdf/fragment/AddImagesFragment.java, /Users/sagelab/Documents/Projects/BugLocalization/BuggyProjects/bug-1205/app/src/main/java/swati4star/createpdf/fragment/RemovePagesFragment.java, /Users/sagelab/Documents/Projects/BugLocalization/BuggyProjects/bug-1205/app/src/main/java/swati4star/createpdf/fragment/MergeFilesFragment.java, /Users/sagelab/Documents/Projects/BugLocalization/BuggyProjects/bug-1205/app/src/main/java/swati4star/createpdf/fragment/InvertPdfFragment.java]"
"1207","[1]","[1]","[/Users/sagelab/Documents/Projects/BugLocalization/BuggyProjects/bug-1207/app/src/main/java/org/shadowice/flocke/andotp/View/ManualEntryDialog.java]","[1]","[1]","[/Users/sagelab/Documents/Projects/BugLocalization/BuggyProjects/bug-1207/app/src/main/java/org/shadowice/flocke/andotp/View/ManualEntryDialog.java]","[1]","[1]","[/Users/sagelab/Documents/Projects/BugLocalization/BuggyProjects/bug-1207/app/src/main/java/org/shadowice/flocke/andotp/View/ManualEntryDialog.java]"
"1213","[7, 1, 9]","[1, 7, 9]","[/Users/sagelab/Documents/Projects/BugLocalization/BuggyProjects/bug-1213/app/src/main/java/org/shadowice/flocke/andotp/Preferences/PasswordEncryptedPreference.java, /Users/sagelab/Documents/Projects/BugLocalization/BuggyProjects/bug-1213/app/src/main/java/org/shadowice/flocke/andotp/Preferences/CredentialsPreference.java, /Users/sagelab/Documents/Projects/BugLocalization/BuggyProjects/bug-1213/app/src/main/java/org/shadowice/flocke/andotp/Dialogs/PasswordEntryDialog.java]","[2, 1, 3]","[1, 2, 3]","[/Users/sagelab/Documents/Projects/BugLocalization/BuggyProjects/bug-1213/app/src/main/java/org/shadowice/flocke/andotp/Preferences/PasswordEncryptedPreference.java, /Users/sagelab/Documents/Projects/BugLocalization/BuggyProjects/bug-1213/app/src/main/java/org/shadowice/flocke/andotp/Preferences/CredentialsPreference.java, /Users/sagelab/Documents/Projects/BugLocalization/BuggyProjects/bug-1213/app/src/main/java/org/shadowice/flocke/andotp/Dialogs/PasswordEntryDialog.java]","[3, 1, 6]","[1, 3, 6]","[/Users/sagelab/Documents/Projects/BugLocalization/BuggyProjects/bug-1213/app/src/main/java/org/shadowice/flocke/andotp/Preferences/PasswordEncryptedPreference.java, /Users/sagelab/Documents/Projects/BugLocalization/BuggyProjects/bug-1213/app/src/main/java/org/shadowice/flocke/andotp/Preferences/CredentialsPreference.java, /Users/sagelab/Documents/Projects/BugLocalization/BuggyProjects/bug-1213/app/src/main/java/org/shadowice/flocke/andotp/Dialogs/PasswordEntryDialog.java]"
"1214","[2]","[2]","[/Users/sagelab/Documents/Projects/BugLocalization/BuggyProjects/bug-1214/app/src/main/java/org/shadowice/flocke/andotp/Activities/IntroScreenActivity.java]","[1]","[1]","[/Users/sagelab/Documents/Projects/BugLocalization/BuggyProjects/bug-1214/app/src/main/java/org/shadowice/flocke/andotp/Activities/IntroScreenActivity.java]","[1]","[1]","[/Users/sagelab/Documents/Projects/BugLocalization/BuggyProjects/bug-1214/app/src/main/java/org/shadowice/flocke/andotp/Activities/IntroScreenActivity.java]"
"1215","[1]","[1]","[/Users/sagelab/Documents/Projects/BugLocalization/BuggyProjects/bug-1215/app/src/main/java/org/shadowice/flocke/andotp/Dialogs/ManualEntryDialog.java]","[1]","[1]","[/Users/sagelab/Documents/Projects/BugLocalization/BuggyProjects/bug-1215/app/src/main/java/org/shadowice/flocke/andotp/Dialogs/ManualEntryDialog.java]","[1]","[1]","[/Users/sagelab/Documents/Projects/BugLocalization/BuggyProjects/bug-1215/app/src/main/java/org/shadowice/flocke/andotp/Dialogs/ManualEntryDialog.java]"
"1222","[4, 47, 126]","[4, 47, 126]","[/Users/sagelab/Documents/Projects/BugLocalization/BuggyProjects/bug-1222/app/src/main/java/org/gnucash/android/ui/util/RecurrenceParser.java, /Users/sagelab/Documents/Projects/BugLocalization/BuggyProjects/bug-1222/app/src/main/java/org/gnucash/android/model/Recurrence.java, /Users/sagelab/Documents/Projects/BugLocalization/BuggyProjects/bug-1222/app/src/main/java/org/gnucash/android/db/adapter/RecurrenceDbAdapter.java]","[37, 27, 110]","[27, 37, 110]","[/Users/sagelab/Documents/Projects/BugLocalization/BuggyProjects/bug-1222/app/src/main/java/org/gnucash/android/ui/util/RecurrenceParser.java, /Users/sagelab/Documents/Projects/BugLocalization/BuggyProjects/bug-1222/app/src/main/java/org/gnucash/android/model/Recurrence.java, /Users/sagelab/Documents/Projects/BugLocalization/BuggyProjects/bug-1222/app/src/main/java/org/gnucash/android/db/adapter/RecurrenceDbAdapter.java]","[16, 30, 112]","[16, 30, 112]","[/Users/sagelab/Documents/Projects/BugLocalization/BuggyProjects/bug-1222/app/src/main/java/org/gnucash/android/ui/util/RecurrenceParser.java, /Users/sagelab/Documents/Projects/BugLocalization/BuggyProjects/bug-1222/app/src/main/java/org/gnucash/android/model/Recurrence.java, /Users/sagelab/Documents/Projects/BugLocalization/BuggyProjects/bug-1222/app/src/main/java/org/gnucash/android/db/adapter/RecurrenceDbAdapter.java]"
"1223","[4]","[4]","[/Users/sagelab/Documents/Projects/BugLocalization/BuggyProjects/bug-1223/app/src/main/java/org/gnucash/android/ui/transaction/TransactionFormFragment.java]","[2]","[2]","[/Users/sagelab/Documents/Projects/BugLocalization/BuggyProjects/bug-1223/app/src/main/java/org/gnucash/android/ui/transaction/TransactionFormFragment.java]","[3]","[3]","[/Users/sagelab/Documents/Projects/BugLocalization/BuggyProjects/bug-1223/app/src/main/java/org/gnucash/android/ui/transaction/TransactionFormFragment.java]"
"1224","[1]","[1]","[/Users/sagelab/Documents/Projects/BugLocalization/BuggyProjects/bug-1224/app/src/main/java/org/gnucash/android/ui/account/AccountFormFragment.java]","[1]","[1]","[/Users/sagelab/Documents/Projects/BugLocalization/BuggyProjects/bug-1224/app/src/main/java/org/gnucash/android/ui/account/AccountFormFragment.java]","[1]","[1]","[/Users/sagelab/Documents/Projects/BugLocalization/BuggyProjects/bug-1224/app/src/main/java/org/gnucash/android/ui/account/AccountFormFragment.java]"
"1228","[2]","[2]","[/Users/sagelab/Documents/Projects/BugLocalization/BuggyProjects/bug-1228/app/src/main/java/org/gnucash/android/ui/transaction/TransactionDetailActivity.java]","[4]","[4]","[/Users/sagelab/Documents/Projects/BugLocalization/BuggyProjects/bug-1228/app/src/main/java/org/gnucash/android/ui/transaction/TransactionDetailActivity.java]","[4]","[4]","[/Users/sagelab/Documents/Projects/BugLocalization/BuggyProjects/bug-1228/app/src/main/java/org/gnucash/android/ui/transaction/TransactionDetailActivity.java]"
"1299","[1]","[1]","[/Users/sagelab/Documents/Projects/BugLocalization/BuggyProjects/bug-1299/app/src/main/java/com/fieldbook/tracker/activities/ConfigActivity.java]","[7]","[7]","[/Users/sagelab/Documents/Projects/BugLocalization/BuggyProjects/bug-1299/app/src/main/java/com/fieldbook/tracker/activities/ConfigActivity.java]","[2]","[2]","[/Users/sagelab/Documents/Projects/BugLocalization/BuggyProjects/bug-1299/app/src/main/java/com/fieldbook/tracker/activities/ConfigActivity.java]"
"1389","[2, 12, 14]","[2, 12, 14]","[/Users/sagelab/Documents/Projects/BugLocalization/BuggyProjects/bug-1389/app/src/main/java/org/y20k/transistor/core/Station.java, /Users/sagelab/Documents/Projects/BugLocalization/BuggyProjects/bug-1389/app/src/main/java/org/y20k/transistor/PlayerActivityFragment.java, /Users/sagelab/Documents/Projects/BugLocalization/BuggyProjects/bug-1389/app/src/main/java/org/y20k/transistor/helpers/StationFetcher.java]","[12, 5, 8]","[5, 8, 12]","[/Users/sagelab/Documents/Projects/BugLocalization/BuggyProjects/bug-1389/app/src/main/java/org/y20k/transistor/core/Station.java, /Users/sagelab/Documents/Projects/BugLocalization/BuggyProjects/bug-1389/app/src/main/java/org/y20k/transistor/PlayerActivityFragment.java, /Users/sagelab/Documents/Projects/BugLocalization/BuggyProjects/bug-1389/app/src/main/java/org/y20k/transistor/helpers/StationFetcher.java]","[10, 6, 7]","[6, 7, 10]","[/Users/sagelab/Documents/Projects/BugLocalization/BuggyProjects/bug-1389/app/src/main/java/org/y20k/transistor/core/Station.java, /Users/sagelab/Documents/Projects/BugLocalization/BuggyProjects/bug-1389/app/src/main/java/org/y20k/transistor/PlayerActivityFragment.java, /Users/sagelab/Documents/Projects/BugLocalization/BuggyProjects/bug-1389/app/src/main/java/org/y20k/transistor/helpers/StationFetcher.java]"
"1399","[6]","[6]","[/Users/sagelab/Documents/Projects/BugLocalization/BuggyProjects/bug-1399/app/src/main/java/org/fossasia/phimpme/gallery/activities/SettingsActivity.java]","[1]","[1]","[/Users/sagelab/Documents/Projects/BugLocalization/BuggyProjects/bug-1399/app/src/main/java/org/fossasia/phimpme/gallery/activities/SettingsActivity.java]","[1]","[1]","[/Users/sagelab/Documents/Projects/BugLocalization/BuggyProjects/bug-1399/app/src/main/java/org/fossasia/phimpme/gallery/activities/SettingsActivity.java]"
"1402","[89, 12]","[12, 89]","[/Users/sagelab/Documents/Projects/BugLocalization/BuggyProjects/bug-1402/app/src/main/java/org/fossasia/phimpme/MyApplication.java, /Users/sagelab/Documents/Projects/BugLocalization/BuggyProjects/bug-1402/app/src/main/java/org/fossasia/phimpme/share/SharingActivity.java]","[108, 2]","[2, 108]","[/Users/sagelab/Documents/Projects/BugLocalization/BuggyProjects/bug-1402/app/src/main/java/org/fossasia/phimpme/MyApplication.java, /Users/sagelab/Documents/Projects/BugLocalization/BuggyProjects/bug-1402/app/src/main/java/org/fossasia/phimpme/share/SharingActivity.java]","[105, 2]","[2, 105]","[/Users/sagelab/Documents/Projects/BugLocalization/BuggyProjects/bug-1402/app/src/main/java/org/fossasia/phimpme/MyApplication.java, /Users/sagelab/Documents/Projects/BugLocalization/BuggyProjects/bug-1402/app/src/main/java/org/fossasia/phimpme/share/SharingActivity.java]"
"1403","[33]","[33]","[/Users/sagelab/Documents/Projects/BugLocalization/BuggyProjects/bug-1403/app/src/main/java/org/fossasia/phimpme/editor/FileUtils.java]","[114]","[114]","[/Users/sagelab/Documents/Projects/BugLocalization/BuggyProjects/bug-1403/app/src/main/java/org/fossasia/phimpme/editor/FileUtils.java]","[80]","[80]","[/Users/sagelab/Documents/Projects/BugLocalization/BuggyProjects/bug-1403/app/src/main/java/org/fossasia/phimpme/editor/FileUtils.java]"
"1406","[7]","[7]","[/Users/sagelab/Documents/Projects/BugLocalization/BuggyProjects/bug-1406/app/src/main/java/org/fossasia/phimpme/gallery/activities/SingleMediaActivity.java]","[2]","[2]","[/Users/sagelab/Documents/Projects/BugLocalization/BuggyProjects/bug-1406/app/src/main/java/org/fossasia/phimpme/gallery/activities/SingleMediaActivity.java]","[2]","[2]","[/Users/sagelab/Documents/Projects/BugLocalization/BuggyProjects/bug-1406/app/src/main/java/org/fossasia/phimpme/gallery/activities/SingleMediaActivity.java]"
"1425","[34, 2]","[2, 34]","[/Users/sagelab/Documents/Projects/BugLocalization/BuggyProjects/bug-1425/app/src/main/java/com/easyfitness/DAO/bodymeasures/DAOBodyMeasure.java, /Users/sagelab/Documents/Projects/BugLocalization/BuggyProjects/bug-1425/app/src/main/java/com/easyfitness/WeightFragment.java]","[55, 1]","[1, 55]","[/Users/sagelab/Documents/Projects/BugLocalization/BuggyProjects/bug-1425/app/src/main/java/com/easyfitness/DAO/bodymeasures/DAOBodyMeasure.java, /Users/sagelab/Documents/Projects/BugLocalization/BuggyProjects/bug-1425/app/src/main/java/com/easyfitness/WeightFragment.java]","[50, 1]","[1, 50]","[/Users/sagelab/Documents/Projects/BugLocalization/BuggyProjects/bug-1425/app/src/main/java/com/easyfitness/DAO/bodymeasures/DAOBodyMeasure.java, /Users/sagelab/Documents/Projects/BugLocalization/BuggyProjects/bug-1425/app/src/main/java/com/easyfitness/WeightFragment.java]"
"1428","[15, 62, 9, 28, 1, 91, 13, 26, 90, 39]","[1, 9, 13, 15, 26, 28, 39, 62, 90, 91]","[/Users/sagelab/Documents/Projects/BugLocalization/BuggyProjects/bug-1428/app/src/main/java/com/easyfitness/fonte/FonteGraphFragment.java, /Users/sagelab/Documents/Projects/BugLocalization/BuggyProjects/bug-1428/app/src/main/java/com/easyfitness/graph/DateGraph.java, /Users/sagelab/Documents/Projects/BugLocalization/BuggyProjects/bug-1428/app/src/main/java/com/easyfitness/DAO/bodymeasures/BodyPart.java, /Users/sagelab/Documents/Projects/BugLocalization/BuggyProjects/bug-1428/app/src/main/java/com/easyfitness/DAO/bodymeasures/BodyPartExtensions.java, /Users/sagelab/Documents/Projects/BugLocalization/BuggyProjects/bug-1428/app/src/main/java/com/easyfitness/bodymeasures/BodyPartDetailsFragment.java, /Users/sagelab/Documents/Projects/BugLocalization/BuggyProjects/bug-1428/app/src/main/java/com/easyfitness/machines/MachineCursorAdapter.java, /Users/sagelab/Documents/Projects/BugLocalization/BuggyProjects/bug-1428/app/src/main/java/com/easyfitness/machines/MachineDetailsFragment.java, /Users/sagelab/Documents/Projects/BugLocalization/BuggyProjects/bug-1428/app/src/main/java/com/easyfitness/machines/MachineFragment.java, /Users/sagelab/Documents/Projects/BugLocalization/BuggyProjects/bug-1428/app/src/main/java/com/easyfitness/machines/MachineArrayFullAdapter.java, /Users/sagelab/Documents/Projects/BugLocalization/BuggyProjects/bug-1428/app/src/main/java/com/easyfitness/ValueEditorDialogbox.java]","[9, 32, 60, 72, 1, 63, 14, 22, 53, 10]","[1, 9, 10, 14, 22, 32, 53, 60, 63, 72]","[/Users/sagelab/Documents/Projects/BugLocalization/BuggyProjects/bug-1428/app/src/main/java/com/easyfitness/fonte/FonteGraphFragment.java, /Users/sagelab/Documents/Projects/BugLocalization/BuggyProjects/bug-1428/app/src/main/java/com/easyfitness/graph/DateGraph.java, /Users/sagelab/Documents/Projects/BugLocalization/BuggyProjects/bug-1428/app/src/main/java/com/easyfitness/DAO/bodymeasures/BodyPart.java, /Users/sagelab/Documents/Projects/BugLocalization/BuggyProjects/bug-1428/app/src/main/java/com/easyfitness/DAO/bodymeasures/BodyPartExtensions.java, /Users/sagelab/Documents/Projects/BugLocalization/BuggyProjects/bug-1428/app/src/main/java/com/easyfitness/bodymeasures/BodyPartDetailsFragment.java, /Users/sagelab/Documents/Projects/BugLocalization/BuggyProjects/bug-1428/app/src/main/java/com/easyfitness/machines/MachineCursorAdapter.java, /Users/sagelab/Documents/Projects/BugLocalization/BuggyProjects/bug-1428/app/src/main/java/com/easyfitness/machines/MachineDetailsFragment.java, /Users/sagelab/Documents/Projects/BugLocalization/BuggyProjects/bug-1428/app/src/main/java/com/easyfitness/machines/MachineFragment.java, /Users/sagelab/Documents/Projects/BugLocalization/BuggyProjects/bug-1428/app/src/main/java/com/easyfitness/machines/MachineArrayFullAdapter.java, /Users/sagelab/Documents/Projects/BugLocalization/BuggyProjects/bug-1428/app/src/main/java/com/easyfitness/ValueEditorDialogbox.java]","[10, 40, 34, 65, 1, 70, 12, 23, 60, 16]","[1, 10, 12, 16, 23, 34, 40, 60, 65, 70]","[/Users/sagelab/Documents/Projects/BugLocalization/BuggyProjects/bug-1428/app/src/main/java/com/easyfitness/fonte/FonteGraphFragment.java, /Users/sagelab/Documents/Projects/BugLocalization/BuggyProjects/bug-1428/app/src/main/java/com/easyfitness/graph/DateGraph.java, /Users/sagelab/Documents/Projects/BugLocalization/BuggyProjects/bug-1428/app/src/main/java/com/easyfitness/DAO/bodymeasures/BodyPart.java, /Users/sagelab/Documents/Projects/BugLocalization/BuggyProjects/bug-1428/app/src/main/java/com/easyfitness/DAO/bodymeasures/BodyPartExtensions.java, /Users/sagelab/Documents/Projects/BugLocalization/BuggyProjects/bug-1428/app/src/main/java/com/easyfitness/bodymeasures/BodyPartDetailsFragment.java, /Users/sagelab/Documents/Projects/BugLocalization/BuggyProjects/bug-1428/app/src/main/java/com/easyfitness/machines/MachineCursorAdapter.java, /Users/sagelab/Documents/Projects/BugLocalization/BuggyProjects/bug-1428/app/src/main/java/com/easyfitness/machines/MachineDetailsFragment.java, /Users/sagelab/Documents/Projects/BugLocalization/BuggyProjects/bug-1428/app/src/main/java/com/easyfitness/machines/MachineFragment.java, /Users/sagelab/Documents/Projects/BugLocalization/BuggyProjects/bug-1428/app/src/main/java/com/easyfitness/machines/MachineArrayFullAdapter.java, /Users/sagelab/Documents/Projects/BugLocalization/BuggyProjects/bug-1428/app/src/main/java/com/easyfitness/ValueEditorDialogbox.java]"
"1430","[11, 1]","[1, 11]","[/Users/sagelab/Documents/Projects/BugLocalization/BuggyProjects/bug-1430/app/src/main/java/com/easyfitness/programs/ProgramPagerFragment.java, /Users/sagelab/Documents/Projects/BugLocalization/BuggyProjects/bug-1430/app/src/main/java/com/easyfitness/programs/ProgramRunnerFragment.java]","[4, 14]","[4, 14]","[/Users/sagelab/Documents/Projects/BugLocalization/BuggyProjects/bug-1430/app/src/main/java/com/easyfitness/programs/ProgramPagerFragment.java, /Users/sagelab/Documents/Projects/BugLocalization/BuggyProjects/bug-1430/app/src/main/java/com/easyfitness/programs/ProgramRunnerFragment.java]","[5, 2]","[2, 5]","[/Users/sagelab/Documents/Projects/BugLocalization/BuggyProjects/bug-1430/app/src/main/java/com/easyfitness/programs/ProgramPagerFragment.java, /Users/sagelab/Documents/Projects/BugLocalization/BuggyProjects/bug-1430/app/src/main/java/com/easyfitness/programs/ProgramRunnerFragment.java]"
"1441","[1]","[1]","[/Users/sagelab/Documents/Projects/BugLocalization/BuggyProjects/bug-1441/android/app/src/main/java/com/cohenadair/anglerslog/locations/ManageFishingSpotFragment.java]","[1]","[1]","[/Users/sagelab/Documents/Projects/BugLocalization/BuggyProjects/bug-1441/android/app/src/main/java/com/cohenadair/anglerslog/locations/ManageFishingSpotFragment.java]","[1]","[1]","[/Users/sagelab/Documents/Projects/BugLocalization/BuggyProjects/bug-1441/android/app/src/main/java/com/cohenadair/anglerslog/locations/ManageFishingSpotFragment.java]"
"1445","[12]","[12]","[/Users/sagelab/Documents/Projects/BugLocalization/BuggyProjects/bug-1445/android/app/src/main/java/com/cohenadair/anglerslog/model/Logbook.java]","[87]","[87]","[/Users/sagelab/Documents/Projects/BugLocalization/BuggyProjects/bug-1445/android/app/src/main/java/com/cohenadair/anglerslog/model/Logbook.java]","[69]","[69]","[/Users/sagelab/Documents/Projects/BugLocalization/BuggyProjects/bug-1445/android/app/src/main/java/com/cohenadair/anglerslog/model/Logbook.java]"
"1446","[1]","[1]","[/Users/sagelab/Documents/Projects/BugLocalization/BuggyProjects/bug-1446/AnglersLog/app/src/main/java/com/cohenadair/anglerslog/locations/ManageLocationFragment.java]","[2]","[2]","[/Users/sagelab/Documents/Projects/BugLocalization/BuggyProjects/bug-1446/AnglersLog/app/src/main/java/com/cohenadair/anglerslog/locations/ManageLocationFragment.java]","[2]","[2]","[/Users/sagelab/Documents/Projects/BugLocalization/BuggyProjects/bug-1446/AnglersLog/app/src/main/java/com/cohenadair/anglerslog/locations/ManageLocationFragment.java]"
"1481","[4]","[4]","[/Users/sagelab/Documents/Projects/BugLocalization/BuggyProjects/bug-1481/app/src/main/java/com/hexforhn/hex/StoryActivity.java]","[1]","[1]","[/Users/sagelab/Documents/Projects/BugLocalization/BuggyProjects/bug-1481/app/src/main/java/com/hexforhn/hex/StoryActivity.java]","[1]","[1]","[/Users/sagelab/Documents/Projects/BugLocalization/BuggyProjects/bug-1481/app/src/main/java/com/hexforhn/hex/StoryActivity.java]"
"1563","[1]","[1]","[/Users/sagelab/Documents/Projects/BugLocalization/BuggyProjects/bug-1563/app/src/main/java/io/lerk/lrkFM/activities/FileActivity.java]","[1]","[1]","[/Users/sagelab/Documents/Projects/BugLocalization/BuggyProjects/bug-1563/app/src/main/java/io/lerk/lrkFM/activities/FileActivity.java]","[1]","[1]","[/Users/sagelab/Documents/Projects/BugLocalization/BuggyProjects/bug-1563/app/src/main/java/io/lerk/lrkFM/activities/FileActivity.java]"
"1568","[4]","[4]","[/Users/sagelab/Documents/Projects/BugLocalization/BuggyProjects/bug-1568/app/src/main/java/io/lerk/lrkFM/adapter/FileArrayAdapter.java]","[3]","[3]","[/Users/sagelab/Documents/Projects/BugLocalization/BuggyProjects/bug-1568/app/src/main/java/io/lerk/lrkFM/adapter/FileArrayAdapter.java]","[4]","[4]","[/Users/sagelab/Documents/Projects/BugLocalization/BuggyProjects/bug-1568/app/src/main/java/io/lerk/lrkFM/adapter/FileArrayAdapter.java]"
"1640","[11]","[11]","[/Users/sagelab/Documents/Projects/BugLocalization/BuggyProjects/bug-1640/app/src/main/java/com/german_software_engineers/trainerapp/InfoActivity.java]","[1]","[1]","[/Users/sagelab/Documents/Projects/BugLocalization/BuggyProjects/bug-1640/app/src/main/java/com/german_software_engineers/trainerapp/InfoActivity.java]","[4]","[4]","[/Users/sagelab/Documents/Projects/BugLocalization/BuggyProjects/bug-1640/app/src/main/java/com/german_software_engineers/trainerapp/InfoActivity.java]"
"1641","[9, 25, 29, 16, 7]","[7, 9, 16, 25, 29]","[/Users/sagelab/Documents/Projects/BugLocalization/BuggyProjects/bug-1641/app/src/main/java/com/german_software_engineers/trainerapp/GeneralTrainingScheduleEditor.java, /Users/sagelab/Documents/Projects/BugLocalization/BuggyProjects/bug-1641/app/src/main/java/com/german_software_engineers/trainerapp/ExerciseViewActivity.java, /Users/sagelab/Documents/Projects/BugLocalization/BuggyProjects/bug-1641/trainerappmodel/src/main/java/com/german_software_engineers/trainerappmodel/Enumerations/TrainingsTypes.java, /Users/sagelab/Documents/Projects/BugLocalization/BuggyProjects/bug-1641/trainerappmodel/src/main/java/com/german_software_engineers/trainerappmodel/Legacy/Schedule.java, /Users/sagelab/Documents/Projects/BugLocalization/BuggyProjects/bug-1641/trainerappmodel/src/main/java/com/german_software_engineers/trainerappmodel/Model/XMLParser.java]","[1, 3, 0, 15, 14]","[0, 1, 3, 14, 15]","[/Users/sagelab/Documents/Projects/BugLocalization/BuggyProjects/bug-1641/app/src/main/java/com/german_software_engineers/trainerapp/GeneralTrainingScheduleEditor.java, /Users/sagelab/Documents/Projects/BugLocalization/BuggyProjects/bug-1641/app/src/main/java/com/german_software_engineers/trainerapp/ExerciseViewActivity.java, /Users/sagelab/Documents/Projects/BugLocalization/BuggyProjects/bug-1641/trainerappmodel/src/main/java/com/german_software_engineers/trainerappmodel/Enumerations/TrainingsTypes.java, /Users/sagelab/Documents/Projects/BugLocalization/BuggyProjects/bug-1641/trainerappmodel/src/main/java/com/german_software_engineers/trainerappmodel/Legacy/Schedule.java, /Users/sagelab/Documents/Projects/BugLocalization/BuggyProjects/bug-1641/trainerappmodel/src/main/java/com/german_software_engineers/trainerappmodel/Model/XMLParser.java]","[2, 4, 37, 15, 12]","[2, 4, 12, 15, 37]","[/Users/sagelab/Documents/Projects/BugLocalization/BuggyProjects/bug-1641/app/src/main/java/com/german_software_engineers/trainerapp/GeneralTrainingScheduleEditor.java, /Users/sagelab/Documents/Projects/BugLocalization/BuggyProjects/bug-1641/app/src/main/java/com/german_software_engineers/trainerapp/ExerciseViewActivity.java, /Users/sagelab/Documents/Projects/BugLocalization/BuggyProjects/bug-1641/trainerappmodel/src/main/java/com/german_software_engineers/trainerappmodel/Enumerations/TrainingsTypes.java, /Users/sagelab/Documents/Projects/BugLocalization/BuggyProjects/bug-1641/trainerappmodel/src/main/java/com/german_software_engineers/trainerappmodel/Legacy/Schedule.java, /Users/sagelab/Documents/Projects/BugLocalization/BuggyProjects/bug-1641/trainerappmodel/src/main/java/com/german_software_engineers/trainerappmodel/Model/XMLParser.java]"
"1645","[1]","[1]","[/Users/sagelab/Documents/Projects/BugLocalization/BuggyProjects/bug-1645/app/src/main/java/com/german_software_engineers/trainerapp/ExerciseDialog.java]","[1]","[1]","[/Users/sagelab/Documents/Projects/BugLocalization/BuggyProjects/bug-1645/app/src/main/java/com/german_software_engineers/trainerapp/ExerciseDialog.java]","[1]","[1]","[/Users/sagelab/Documents/Projects/BugLocalization/BuggyProjects/bug-1645/app/src/main/java/com/german_software_engineers/trainerapp/ExerciseDialog.java]"
